id,level,category,subcategory,question,options,correct_answer,explanation,source
1,AEMT,Fluid Boluses,Adult,What is the standard adult fluid bolus amount for a patient in shock?,"[""250 mL"", ""500 mL"", ""1000 mL"", ""2000 mL""]",2,Standard adult fluid bolus is 1000 mL (1 liter) of isotonic crystalloid solution.,SNHD Protocols - Fluid Therapy
2,AEMT,Fluid Boluses,Adult,"For an adult trauma patient with suspected hemorrhagic shock, how much fluid should be administered before reassessment?","[""250 mL"", ""500 mL"", ""1000 mL"", ""2000 mL""]",2,Administer 1000 mL bolus and reassess. Target systolic BP of 90 mmHg (permissive hypotension).,SNHD Protocols - Shock
3,AEMT,Fluid Boluses,Adult,"In traumatic brain injury with signs of herniation, what is the target systolic BP for fluid resuscitation?","[""80-90 mmHg"", ""90-100 mmHg"", ""100-110 mmHg"", ""At least 110-120 mmHg""]",3,"In TBI, maintain SBP ≥110-120 mmHg to ensure adequate cerebral perfusion pressure.",SNHD Protocols - Head Trauma
4,AEMT,Fluid Boluses,Pediatric,What is the pediatric fluid bolus amount per kg for shock?,"[""10 mL/kg"", ""20 mL/kg"", ""30 mL/kg"", ""40 mL/kg""]",1,Pediatric fluid bolus is 20 mL/kg of isotonic crystalloid solution.,SNHD Protocols - Pediatric Shock
5,AEMT,Fluid Boluses,Pediatric,Maximum single fluid bolus for a pediatric patient should not exceed:,"[""500 mL"", ""1000 mL"", ""1500 mL"", ""2000 mL""]",1,"Maximum single bolus is 1000 mL (1 liter), even if calculated amount is higher.",SNHD Protocols - Pediatric Fluid Therapy
6,AEMT,Fluid Boluses,Pediatric,"For a 15 kg child in shock, what is the appropriate fluid bolus?","[""150 mL"", ""300 mL"", ""500 mL"", ""1000 mL""]",1,15 kg × 20 mL/kg = 300 mL. Pediatric bolus is calculated as 20 mL/kg.,SNHD Protocols - Pediatric Calculations
7,AEMT,Medications,Dosages,What is the pediatric dose of epinephrine for anaphylaxis?,"[""0.01 mg/kg IM (max 0.3 mg)"", ""0.3 mg IM"", ""0.5 mg IM"", ""1 mg IM""]",0,"Pediatric epinephrine is 0.01 mg/kg IM, maximum 0.3 mg (1:1000 concentration).",SNHD Protocols - Pediatric Allergic Reaction
8,PARAMEDIC,Medications,Dosages,What is the dose of naloxone for opioid overdose in adults?,"[""0.4 mg IV/IM"", ""2 mg IV/IM"", ""4 mg IV/IM"", ""10 mg IV/IM""]",1,"Initial adult dose is 2 mg IV/IM, may repeat every 2-3 minutes.",SNHD Protocols - Overdose/Poisoning
9,PARAMEDIC,Medications,Procedures,Which medication can be administered via the intranasal route?,"[""Epinephrine 1:1000"", ""Naloxone"", ""Atropine"", ""Adenosine""]",1,"Naloxone can be given intranasally (2 mg in each nostril, total 4 mg).",SNHD Protocols - Alternative Routes
10,PARAMEDIC,Medications,Other,Morphine is contraindicated in patients with:,"[""Chest pain"", ""Hypotension (SBP <90)"", ""Anxiety"", ""Nausea""]",1,Morphine is contraindicated in hypotension (SBP <90) as it causes vasodilation and further BP drop.,SNHD Protocols - Pain Management
11,EMT,Transport Criteria,Transport/Admin,Which vital signs would allow a patient to be triaged to the waiting room?,"[""HR 120, RR 24, SBP 90"", ""HR 90, RR 18, SBP 130"", ""HR 140, RR 30, SBP 80"", ""GCS 13, HR 110, SBP 100""]",1,"Stable vitals: HR 90, RR 18, SBP 130 are within normal limits and appropriate for waiting room.",SNHD Protocols - Transport Decisions
12,EMT,Transport Criteria,Transport/Admin,"A patient with minor lacerations, controlled bleeding, and vitals HR 85, BP 128/82, RR 16, SpO2 98% on room air should be transported:","[""Code 3 (emergency)"", ""Code 2 (urgent)"", ""BLS non-emergency"", ""Patient can self-transport""]",2,Stable patient with minor injuries - appropriate for BLS non-emergency transport.,SNHD Protocols - Priority Classification
13,EMT,Transport Criteria,Assessment,"An intoxicated patient with GCS 14, stable airway, and no traumatic injuries should be transported:","[""Left on scene with police"", ""Code 3 to nearest ED"", ""BLS to appropriate facility"", ""Only if they consent""]",2,"Intoxicated but stable patients (GCS >13, protecting airway) can be transported BLS to appropriate facility.",SNHD Protocols - Intoxication
14,EMT,Transport Criteria,Assessment,Which finding requires immediate transport of an intoxicated patient?,"[""Strong odor of alcohol"", ""GCS <13"", ""Combative behavior"", ""Slurred speech""]",1,GCS <13 indicates significant impairment requiring emergency transport and close monitoring.,SNHD Protocols - Altered Mental Status
15,AEMT,Transport Criteria,Assessment,"For a diabetic patient with altered mental status and blood glucose of 40 mg/dL, what is the first intervention?","[""Immediate transport"", ""Oral glucose if awake"", ""IV D10 if IV established"", ""Glucagon IM""]",2,"If IV is established, give IV D10. If no IV, give oral glucose if awake/swallowing, or glucagon IM.",SNHD Protocols - Hypoglycemia
16,EMT,Trauma,Scoring,"What does ""TFTC"" stand for in trauma designation?","[""Too Far To Care"", ""Trauma Field Transport Criteria"", ""Transport For Trauma Care"", ""Trauma Facility Transport Category""]",1,TFTC = Trauma Field Transport Criteria - used to determine appropriate trauma center destination.,SNHD Protocols - Trauma Triage
17,EMT,Trauma,Scoring,"A patient with GCS 13, SBP 85, and RR 28 meets which trauma triage criteria?","[""No trauma center needed"", ""TFTC - Transport to trauma center"", ""Go to nearest ED"", ""Wait for ALS""]",1,"Abnormal vital signs (GCS <14, SBP <90, RR <10 or >29) meet TFTC for trauma center transport.",SNHD Protocols - Trauma Triage
18,EMT,Trauma,Scoring,Which mechanism of injury automatically meets trauma center criteria?,"[""Fall from standing"", ""Fall >20 feet"", ""Motorcycle crash <20 mph"", ""Minor assault""]",1,Falls >20 feet (adults) or >10 feet (children <15 years) meet trauma center criteria.,SNHD Protocols - Mechanism of Injury
19,PARAMEDIC,Trauma,Scoring,What is the Revised Trauma Score (RTS) threshold that indicates severe trauma?,"[""<5"", ""<7"", ""<11"", ""<15""]",2,RTS <11 indicates severe trauma requiring trauma center care.,SNHD Protocols - Trauma Scoring
20,EMT,Transport,Transport/Admin,"For a STEMI patient, transport should be to:","[""Nearest ED"", ""PCI-capable facility"", ""Trauma center"", ""Any hospital with cardiac unit""]",1,STEMI patients should go to a PCI-capable facility (catheterization lab) for emergent intervention.,SNHD Protocols - Cardiac Emergencies
21,EMT,Transport,Transport/Admin,A patient with a severe traumatic brain injury should be transported to:,"[""Nearest ED"", ""Trauma center with neurosurgery"", ""Psychiatric facility"", ""Urgent care""]",1,Severe TBI requires a trauma center with neurosurgical capabilities.,SNHD Protocols - TBI Transport
22,EMT,Transport,Transport/Admin,"For a patient in cardiac arrest, what is the transport priority?","[""Scene time <10 min, transport to nearest"", ""Work on scene 20+ min"", ""Transport to cardiac center only"", ""Wait for ROSC before moving""]",0,"For cardiac arrest, minimize scene time (<10 min) and transport to nearest appropriate facility.",SNHD Protocols - Cardiac Arrest
23,EMT,Cardiovascular,OB/Neonatal,"For a pregnant patient >20 weeks with trauma, positioning should be:","[""Supine"", ""Left lateral tilt"", ""Trendelenburg"", ""Right lateral decubitus""]",1,Left lateral tilt or manual uterine displacement to prevent supine hypotensive syndrome.,SNHD Protocols - Obstetric Trauma
24,PARAMEDIC,Cardiovascular,Other,"For a patient with >20% TBSA burns, fluid resuscitation in first 8 hours should be:","[""Half of total calculated"", ""Full amount"", ""Quarter of total"", ""None until at hospital""]",0,"Half of total calculated fluid (Parkland formula) is given in first 8 hours, half in next 16 hours.",SNHD Protocols - Burn Management
25,EMT,Cardiovascular,Environmental,"In heat stroke, core temperature is typically:","["">98.6\u00b0F"", "">100\u00b0F"", "">104\u00b0F"", "">106\u00b0F""]",2,Heat stroke is defined as core temp >104°F (40°C) with altered mental status.,SNHD Protocols - Heat Emergencies
26,EMT,Respiratory,Special Cases,"In a patient with suspected spinal injury, the airway maneuver of choice is:","[""Head tilt-chin lift"", ""Jaw thrust"", ""OPA insertion"", ""NTA insertion""]",1,"Jaw thrust maneuver opens airway without extending the neck, protecting potential spinal injury.",SNHD Protocols - Spinal Injury
27,PARAMEDIC,Cardiac,Transport/Admin,"In cardiac arrest with suspected opioid overdose, when should naloxone be administered?","[""Before CPR"", ""After ROSC"", ""During CPR if IV access available"", ""Not indicated""]",2,"Naloxone may be given during CPR if opioid overdose suspected, but do NOT delay CPR/Defibrillation.",SNHD Protocols - Opioid Overdose
28,AEMT,Fluid Boluses,Adult,What type of fluid is preferred for adult bolus therapy?,"[""D5W"", ""Normal Saline (0.9% NaCl)"", ""D10"", ""Sterile Water""]",1,Isotonic crystalloids like Normal Saline or Lactated Ringer's are preferred for fluid resuscitation.,SNHD Protocols - Fluid Therapy
29,AEMT,Fluid Boluses,Pediatric,How many fluid boluses can be given to a pediatric patient before reassessment?,"[""1"", ""2"", ""3"", ""Unlimited""]",1,Typically 2 boluses (40 mL/kg total) before reassessing and considering other interventions.,SNHD Protocols - Pediatric Shock
30,AEMT,Fluid Boluses,Adult,"In sepsis with hypotension, what is the initial fluid bolus?","[""250 mL"", ""500 mL"", ""1000 mL"", ""2000 mL""]",2,30 mL/kg (typically 1000-2000 mL for adults) is the standard for septic shock.,SNHD Protocols - Sepsis
31,AEMT,Fluid Boluses,Adult,Fluid boluses are contraindicated in which condition?,"[""Hypovolemia"", ""Shock"", ""Acute pulmonary edema"", ""Trauma""]",2,Fluid boluses are contraindicated in pulmonary edema/CHF as they worsen fluid overload.,SNHD Protocols - Contraindications
32,AEMT,Fluid Boluses,Pediatric,"For a dehydrated but hemodynamically stable child, fluid administration should be:","[""Rapid bolus"", ""Slow maintenance"", ""Nothing by mouth"", ""Hypertonic solution""]",1,"Stable dehydrated children receive slow maintenance fluids, not rapid boluses.",SNHD Protocols - Pediatric Dehydration
33,AEMT,Fluid Boluses,Adult,"In hemorrhagic shock, permissive hypotension targets what SBP range?","[""60-70 mmHg"", ""80-90 mmHg"", ""100-110 mmHg"", ""120+ mmHg""]",1,Permissive hypotension targets SBP 80-90 mmHg to limit bleeding while maintaining perfusion.,SNHD Protocols - Hemorrhagic Shock
34,AEMT,Fluid Boluses,Special Cases,"For suspected tension pneumothorax, what is the priority before fluids?","[""Large bore IV"", ""Needle decompression"", ""Fluid bolus"", ""CPAP""]",1,Needle decompression is lifesaving in tension pneumothorax and takes priority.,SNHD Protocols - Chest Trauma
35,AEMT,Medications,Dosages,Albuterol dosing for asthma exacerbation is:,"[""2.5 mg via nebulizer"", ""5 mg via nebulizer"", ""10 mg via nebulizer"", ""0.5 mg via nebulizer""]",0,"Standard dose is 2.5 mg in 3 mL normal saline via nebulizer, may repeat.",SNHD Protocols - Respiratory
36,PARAMEDIC,Medications,Procedures,Glucagon for hypoglycemia can be given:,"[""IV only"", ""IM only"", ""IM or SC"", ""PO only""]",2,"Glucagon can be given IM or SC (1 mg adults, 0.5 mg children <25 kg).",SNHD Protocols - Hypoglycemia
37,PARAMEDIC,Medications,Other,Nitroglycerin is contraindicated if SBP is below:,"[""100 mmHg"", ""90 mmHg"", ""110 mmHg"", ""120 mmHg""]",1,Nitroglycerin is contraindicated if SBP <90 or >30 mmHg drop from baseline.,SNHD Protocols - ACS
38,PARAMEDIC,Medications,Dosages,Adenosine dose for SVT in adults is:,"[""3 mg rapid IV push"", ""6 mg rapid IV push"", ""12 mg rapid IV push"", ""0.5 mg/kg IV""]",1,"Start with 6 mg rapid IV push, then 12 mg if needed, then 12 mg again.",SNHD Protocols - Dysrhythmias
39,PARAMEDIC,Medications,Pediatric,Pediatric adenosine dose is:,"[""0.1 mg/kg (max 6 mg)"", ""0.5 mg/kg"", ""1 mg/kg"", ""6 mg fixed""]",0,"Pediatric adenosine: 0.1 mg/kg rapid IV (max 6 mg), then 0.2 mg/kg (max 12 mg).",SNHD Protocols - Pediatric Dysrhythmias
40,PARAMEDIC,Medications,Dosages,Amiodarone dose for cardiac arrest is:,"[""150 mg IV push"", ""300 mg IV push"", ""1 mg/kg"", ""450 mg IV push""]",1,"Cardiac arrest: 300 mg IV/IO push, may give additional 150 mg.",SNHD Protocols - Cardiac Arrest
41,AEMT,Medications,Procedures,Oral glucose can be given if the patient is:,"[""Unconscious"", ""Alert with intact gag reflex"", ""Seizing"", ""Vomiting""]",1,Oral glucose is for alert patients with intact gag reflex who can swallow.,SNHD Protocols - Hypoglycemia
42,PARAMEDIC,Medications,Dosages,Fentanyl dosing for pain management in adults:,"[""25-50 mcg IV/IM/IN"", ""100-200 mcg IV"", ""5-10 mcg IV"", ""1 mg IV""]",0,"Fentanyl 25-50 mcg IV/IM/IN, may repeat in 10 minutes.",SNHD Protocols - Pain Management
43,PARAMEDIC,Medications,Other,Fentanyl is contraindicated with:,"[""Tachycardia"", ""Hypotension or respiratory depression"", ""Hypertension"", ""Anxiety""]",1,"Fentanyl contraindicated with hypotension (SBP <90), respiratory depression, or altered LOC.",SNHD Protocols - Pain Management
44,EMT,Transport Criteria,Transport/Admin,Which patient is appropriate for waiting room triage?,"[""Chest pain with diaphoresis"", ""Sore throat, afebrile, vitals stable"", ""Respiratory distress"", ""Altered mental status""]",1,"Stable minor complaints (sore throat, minor injuries) are appropriate for waiting room.",SNHD Protocols - Triage
45,EMT,Transport Criteria,Assessment,"A patient with EtOH odor, HR 100, BP 140/90, GCS 15, no trauma should be transported:","[""Code 3"", ""BLS to appropriate facility"", ""Left with police"", ""Refused transport""]",1,Stable intoxicated patients can be transported BLS to appropriate facility.,SNHD Protocols - Intoxication
46,EMT,Transport Criteria,Assessment,"A patient found down, unresponsive, no trauma should be:","[""Left on scene"", ""Transported Code 3"", ""Transported BLS"", ""Taken home""]",1,Unresponsive patients require emergency transport and evaluation.,SNHD Protocols - Unresponsive
47,EMT,Transport Criteria,Special Cases,A patient threatening suicide requires:,"[""Police only"", ""BLS transport"", ""Emergency transport with mental health evaluation"", ""Left with family""]",2,Suicidal patients require emergency transport for mental health evaluation.,SNHD Protocols - Behavioral
48,EMT,Trauma,Scoring,The Glasgow Coma Scale assesses:,"[""Only motor response"", ""Eye, verbal, and motor response"", ""Level of pain"", ""Blood pressure""]",1,"GCS assesses eye opening, verbal response, and motor response (3-15 scale).",SNHD Protocols - GCS
49,EMT,Trauma,Trauma/Emergencies,TFTC includes which vital sign abnormalities?,"[""HR >100"", ""SBP <90, RR <10 or >29, GCS <14"", ""Temp >99\u00b0F"", ""SpO2 <95%""]",1,"TFTC includes SBP <90, RR <10 or >29, or GCS <14.",SNHD Protocols - Trauma Triage
50,EMT,Trauma,Trauma/Emergencies,Auto vs pedestrian meets trauma center criteria if impact was at:,"[""Any speed"", "">5 mph"", "">20 mph"", "">40 mph""]",0,All auto vs pedestrian incidents meet trauma center criteria regardless of speed.,SNHD Protocols - Mechanism
51,EMT,Trauma,Scoring,"A trauma patient with GCS 10, SBP 88, HR 120 meets:","[""No trauma criteria"", ""TFTC - trauma center required"", ""BLS transport OK"", ""Wait for ALS""]",1,GCS 10 (<14) and SBP 88 (<90) both meet TFTC criteria.,SNHD Protocols - Trauma Scoring
52,EMT,Trauma,Special Cases,Ejection from vehicle meets trauma center criteria:,"[""Only if >20 mph"", ""Only if rollover"", ""Yes - automatic criteria"", ""Only if unrestrained""]",2,Ejection from vehicle is automatic trauma center criteria regardless of other factors.,SNHD Protocols - Mechanism
53,EMT,Trauma,Pediatric,Pediatric trauma activation age threshold is typically under:,"[""5 years"", ""10 years"", ""15 years"", ""18 years""]",2,Many systems use <15 years for pediatric trauma criteria (falls >10 feet).,SNHD Protocols - Pediatric Trauma
54,EMT,Cardiac,Other,Adult CPR compression rate is:,"[""60-80 per minute"", ""100-120 per minute"", ""140-160 per minute"", ""As fast as possible""]",1,AHA recommends 100-120 compressions per minute for adults.,SNHD Protocols - CPR
55,EMT,Cardiac,Other,CPR compression depth for adults is:,"[""At least 1 inch"", ""At least 2 inches (5 cm)"", ""3-4 inches"", ""1.5 inches""]",1,Compress at least 2 inches (5 cm) but not more than 2.4 inches.,SNHD Protocols - CPR
56,PARAMEDIC,Cardiac,Cardiac/Respiratory,Unstable tachycardia with a pulse is treated with:,"[""CPR"", ""Synchronized cardioversion"", ""Defibrillation"", ""Observation""]",1,"Unstable tachycardia (hypotension, altered LOC, chest pain) requires synchronized cardioversion.",SNHD Protocols - Tachycardia
57,PARAMEDIC,Cardiac,Cardiac/Respiratory,STEMI is defined by ST elevation of:,"["">0.5 mm"", "">1 mm in limb leads, >2 mm in precordial leads"", "">3 mm anywhere"", ""Any ST elevation""]",1,STEMI: >1 mm ST elevation in limb leads or >2 mm in precordial leads (V1-V6).,SNHD Protocols - STEMI
58,EMT,Cardiac,Cardiac/Respiratory,Aspirin for chest pain should be given:,"[""Only if 12-lead shows MI"", ""To all patients with suspected ACS"", ""Only if hypertensive"", ""Never by EMTs""]",1,Aspirin 324 mg chewable is given to all suspected ACS patients without allergy.,SNHD Protocols - Chest Pain
59,PARAMEDIC,Cardiac,Cardiac/Respiratory,Nitroglycerin should NOT be given if:,"[""HR >100"", ""SBP <90 or used PDE5 inhibitor"", ""Patient is anxious"", ""Pain is severe""]",1,"Nitroglycerin contraindicated if SBP <90, HR <50 or >100, or PDE5 inhibitor use.",SNHD Protocols - ACS
60,EMT,Respiratory,Assessment,Signs of respiratory distress include:,"[""Normal breathing"", ""Accessory muscle use, tripod positioning"", ""Bradypnea"", ""Sleepiness""]",1,"Accessory muscle use, tripod position, retractions indicate respiratory distress.",SNHD Protocols - Respiratory
61,EMT,Respiratory,Cardiac/Respiratory,Status asthmaticus is defined as:,"[""Mild wheezing"", ""Asthma not responding to initial treatment"", ""No wheezing"", ""Normal SpO2""]",1,Status asthmaticus is severe asthma not responding to initial bronchodilator therapy.,SNHD Protocols - Asthma
62,EMT,Respiratory,Cardiac/Respiratory,COPD patients often have baseline:,"[""High SpO2"", ""Low SpO2 (88-92% acceptable)"", ""Normal CO2"", ""Alkalosis""]",1,COPD patients may have baseline SpO2 88-92% due to chronic CO2 retention.,SNHD Protocols - COPD
63,PARAMEDIC,Respiratory,Assessment,Signs of impending respiratory failure include:,"[""Improved SpO2 with O2"", ""Altered mental status, fatigue, bradypnea"", ""Increased wheezing"", ""Tachycardia only""]",1,"Altered mental status, fatigue, bradypnea indicate respiratory failure requiring airway support.",SNHD Protocols - Respiratory Failure
64,EMT,Pediatric,Assessment,Pediatric vital signs differ from adults. Normal pediatric HR is:,"[""60-100 for all ages"", ""Faster than adults, varies by age"", ""Slower than adults"", ""Always >150""]",1,"Pediatric heart rates are faster and vary by age (infants 100-160, toddlers 90-150, etc.).",SNHD Protocols - Pediatric Vitals
65,EMT,Pediatric,Cardiac/Respiratory,Pediatric airway positioning for infants requires:,"[""Head hyperextension"", ""Neutral position (towel under shoulders)"", ""Chin to chest"", ""Lateral position""]",1,Infants need neutral position with towel under shoulders due to large occiput.,SNHD Protocols - Pediatric Airway
66,EMT,Pediatric,Assessment,Febrile seizure is most common in ages:,"[""0-3 months"", ""6 months - 5 years"", ""5-10 years"", ""All ages equally""]",1,Febrile seizures most common in children 6 months to 5 years old.,SNHD Protocols - Pediatric Seizures
67,AEMT,Pediatric,Medications,Pediatric epinephrine for anaphylaxis is dosed at:,"[""0.01 mg/kg IM (max 0.3 mg)"", ""0.3 mg IM fixed dose"", ""0.5 mg IM"", ""1 mg IM""]",0,Pediatric epinephrine: 0.01 mg/kg IM (max 0.3 mg) using 1:1000 concentration.,SNHD Protocols - Pediatric Anaphylaxis
68,EMT,Pediatric,Trauma/Emergencies,Pediatric trauma patients are at higher risk for:,"[""Hypertension"", ""Hypovolemic shock (large body surface area)"", ""Bradycardia"", ""Hyperthermia""]",1,Children have larger body surface area to volume ratio and decompensate quickly.,SNHD Protocols - Pediatric Trauma
69,EMT,Obstetric,OB/Neonatal,Signs of imminent delivery include:,"[""Contractions 10 minutes apart"", ""Crowning, urge to push, contractions <2 min apart"", ""No contractions"", ""Mild cramping""]",1,"Crowning, urge to push, and frequent contractions indicate imminent delivery.",SNHD Protocols - Childbirth
70,EMT,Obstetric,OB/Neonatal,Shoulder dystocia is managed by:,"[""Immediate transport"", ""McRoberts maneuver (knees to chest)"", ""Fundal pressure"", ""Pulling harder on baby""]",1,McRoberts maneuver (hyperflex maternal thighs) is first-line for shoulder dystocia.,SNHD Protocols - Shoulder Dystocia
71,EMT,Obstetric,OB/Neonatal,Postpartum hemorrhage is defined as blood loss >:,"[""100 mL"", ""500 mL (vaginal) or 1000 mL (C-section)"", ""250 mL"", ""2000 mL""]",1,PPH: >500 mL after vaginal delivery or >1000 mL after C-section.,SNHD Protocols - Postpartum Hemorrhage
72,EMT,Obstetric,Trauma/Emergencies,Eclampsia is characterized by:,"[""High blood pressure only"", ""Seizures in pregnancy/postpartum"", ""Low blood pressure"", ""Normal delivery""]",1,"Eclampsia is new-onset seizures in pregnancy or postpartum, usually with hypertension.",SNHD Protocols - Eclampsia
73,EMT,Environmental,Environmental,Heat exhaustion vs heat stroke - key difference is:,"[""Temperature only"", ""Altered mental status in heat stroke"", ""Sweating"", ""Heart rate""]",1,Heat stroke has altered mental status + temp >104°F; heat exhaustion has normal mentation.,SNHD Protocols - Heat Emergencies
74,EMT,Environmental,Environmental,Severe hypothermia is core temp below:,"[""95\u00b0F (35\u00b0C)"", ""90\u00b0F (32\u00b0C)"", ""86\u00b0F (30\u00b0C)"", ""98.6\u00b0F""]",1,Severe hypothermia is core temp <90°F (32°C) - may present as pulseless.,SNHD Protocols - Hypothermia
75,EMT,Environmental,Trauma/Emergencies,Priority in drowning is:,"[""Immediate CPR regardless"", ""Airway and breathing assessment"", ""Spinal immobilization"", ""Transport only""]",1,Assess ABCs first - not all drowning victims need immediate CPR if breathing.,SNHD Protocols - Drowning
76,EMT,Environmental,Environmental,High altitude illness symptoms include:,"[""Only headache"", ""HAPE and HACE"", ""Increased appetite"", ""Hypothermia only""]",1,High altitude illness includes HAPE (pulmonary edema) and HACE (cerebral edema).,SNHD Protocols - Altitude
77,EMT,Behavioral,Assessment,First priority in behavioral emergency is:,"[""Immediate sedation"", ""Scene safety"", ""Psychiatric diagnosis"", ""Physical restraint""]",1,Scene safety for crew and patient is always the first priority.,SNHD Protocols - Behavioral
78,EMT,Behavioral,Trauma/Emergencies,Restraint should be:,"[""Prone position"", ""Minimum necessary, supine or lateral"", ""Tied tightly"", ""Ignored""]",1,"Use minimum necessary restraint, avoid prone position, monitor closely.",SNHD Protocols - Restraint
79,EMT,Behavioral,Trauma/Emergencies,Patient with suicide attempt requires:,"[""Police only"", ""Emergency transport to ED for evaluation"", ""Family to watch"", ""Promise not to do it again""]",1,All suicide attempts/ideation require emergency transport for professional evaluation.,SNHD Protocols - Suicide
80,EMT,Pediatric,Fluid Boluses,"For a 20 kg child in hypovolemic shock, what is the correct fluid bolus?","[""200 mL"", ""400 mL"", ""600 mL"", ""1000 mL""]",1,20 kg × 20 mL/kg = 400 mL. Pediatric bolus is always 20 mL/kg.,SNHD Protocols - Pediatric Fluids
81,EMT,Pediatric,Fluid Boluses,Maximum number of fluid boluses recommended before reassessment in pediatrics:,"[""1 bolus"", ""2 boluses (40 mL/kg total)"", ""3 boluses"", ""Unlimited until BP normalizes""]",1,Maximum 2 boluses (40 mL/kg total) before reassessment. Consider other interventions if still unstable.,SNHD Protocols - Pediatric Shock
82,EMT,Pediatric,Fluid Boluses,A 35 kg pediatric patient should receive a maximum single bolus of:,"[""700 mL (35 kg \u00d7 20)"", ""1000 mL"", ""500 mL"", ""1500 mL""]",1,"Calculated amount is 700 mL, but maximum single bolus is capped at 1000 mL.",SNHD Protocols - Pediatric Fluid Limits
83,AEMT,Pediatric,Fluid Boluses,Fluid bolus is contraindicated in pediatric patients with:,"[""Fever"", ""Respiratory distress with rales/crackles"", ""Normal vitals"", ""Minor trauma""]",1,"Fluid bolus contraindicated in suspected CHF, pulmonary edema, or respiratory distress with fluid overload signs.",SNHD Protocols - Pediatric Contraindications
84,AEMT,Pediatric,Fluid Boluses,"For pediatric DKA (Diabetic Ketoacidosis), fluid resuscitation should be:","[""Rapid bolus to correct shock quickly"", ""Cautious - risk of cerebral edema"", ""Not given until glucose normalized"", ""Hypertonic saline""]",1,DKA requires cautious fluid resuscitation due to risk of cerebral edema. Follow specific DKA protocols.,SNHD Protocols - Pediatric DKA
85,EMT,Pediatric,Fluid Boluses,A neonate (under 28 days) in shock receives fluid bolus of:,"[""20 mL/kg"", ""10 mL/kg"", ""30 mL/kg"", ""40 mL/kg""]",1,Neonates receive 10 mL/kg boluses due to risk of fluid overload and heart strain.,SNHD Protocols - Neonatal Resuscitation
86,AEMT,Pediatric,Fluid Boluses,Signs of fluid overload in pediatric patients include:,"[""Tachycardia only"", ""Hepatomegaly, JVD, rales, decreased responsiveness"", ""Fever"", ""Increased urine output""]",1,"Hepatomegaly (enlarged liver), JVD, pulmonary rales, and altered mental status indicate fluid overload.",SNHD Protocols - Pediatric Complications
87,EMT,Pediatric,Fluid Boluses,"For a 6-year-old (22 kg) with suspected sepsis and normal perfusion, initial fluid is:","[""No fluids"", ""20 mL/kg bolus over 20 minutes"", ""Maintenance only"", ""D5W bolus""]",1,"Pediatric sepsis: 20 mL/kg isotonic crystalloid bolus, reassess perfusion after each bolus.",SNHD Protocols - Pediatric Sepsis
88,AEMT,Pediatric,Fluid Boluses,In pediatric trauma with suspected hemorrhage but no signs of shock:,"[""No fluids"", ""Aggressive fluid resuscitation"", ""Limited fluids, permissive hypotension"", ""Blood transfusion""]",2,"In pediatric trauma without shock, use limited fluids with permissive hypotension to avoid dilutional coagulopathy.",SNHD Protocols - Pediatric Trauma
89,PARAMEDIC,Pediatric,Fluid Boluses,Burn fluid resuscitation for a 15 kg child with 20% TBSA burns (Parkland formula):,"[""150 mL/hr"", ""300 mL/hr for first 8 hours"", ""600 mL total"", ""No fluids in field""]",1,"Parkland: 4 mL × kg × %TBSA = 1200 mL. Half in first 8 hours = 600 mL total, 75 mL/hr. First 8 hours from time of burn.",SNHD Protocols - Pediatric Burns
90,AEMT,Pediatric,Medications,Pediatric albuterol dosing via nebulizer is:,"[""0.15 mg/kg (min 2.5 mg, max 5 mg)"", ""2.5 mg fixed dose"", ""5 mg fixed dose"", ""0.5 mg/kg""]",0,"Pediatric albuterol: 0.15 mg/kg, minimum 2.5 mg, maximum 5 mg per treatment.",SNHD Protocols - Pediatric Asthma
91,EMT,Pediatric,Medications,A 3-year-old (14 kg) with anaphylaxis receives epinephrine at:,"[""0.14 mg IM (0.01 mg/kg)"", ""0.3 mg IM"", ""0.5 mg IM"", ""1 mg IM""]",0,Pediatric epinephrine: 0.01 mg/kg IM using 1:1000 concentration. 14 kg × 0.01 = 0.14 mg.,SNHD Protocols - Pediatric Anaphylaxis
92,AEMT,Pediatric,Medications,Maximum pediatric dose of epinephrine for anaphylaxis is:,"[""0.15 mg"", ""0.3 mg"", ""0.5 mg"", ""1 mg""]",1,"Maximum pediatric epinephrine dose is 0.3 mg IM (1:1000), even if calculated dose is higher.",SNHD Protocols - Pediatric Med Limits
93,PARAMEDIC,Pediatric,Medications,Pediatric midazolam (Versed) for seizures is dosed at:,"[""0.1 mg/kg IM/IN (max 5 mg)"", ""0.5 mg/kg IM"", ""5 mg fixed dose"", ""0.05 mg/kg IV only""]",0,"Pediatric midazolam: 0.1 mg/kg IM/IN, maximum 5 mg. Can repeat once in 5-10 minutes.",SNHD Protocols - Pediatric Seizures
94,PARAMEDIC,Pediatric,Medications,Pediatric naloxone for opioid overdose can be given:,"[""Only IV"", ""IV/IM/IN"", ""Only IN"", ""Contraindicated""]",1,Pediatric naloxone: 2 mg IN (1 mg each nostril) or 0.1 mg/kg IV/IM (max 2 mg).,SNHD Protocols - Pediatric Overdose
95,AEMT,Pediatric,Medications,Pediatric oral glucose gel can be given if:,"[""Patient is unconscious"", ""Patient is alert with gag reflex"", ""Patient is seizing"", ""Patient is vomiting""]",1,Oral glucose only for alert pediatric patients with intact gag reflex who can swallow.,SNHD Protocols - Pediatric Hypoglycemia
96,PARAMEDIC,Pediatric,Medications,Pediatric fentanyl for pain management is contraindicated with:,"[""Fever"", ""Respiratory depression or altered mental status"", ""Crying"", ""Normal vitals""]",1,"Fentanyl contraindicated in pediatrics with respiratory depression, altered LOC, or hemodynamic instability.",SNHD Protocols - Pediatric Pain
97,PARAMEDIC,Pediatric,Medications,Pediatric diphenhydramine (Benadryl) dose for allergic reaction:,"[""0.5 mg/kg IV/IM (max 25 mg)"", ""25 mg fixed dose"", ""50 mg fixed dose"", ""1 mg/kg (max 100 mg)""]",0,"Pediatric diphenhydramine: 1 mg/kg PO or 0.5 mg/kg IV/IM, maximum 25 mg.",SNHD Protocols - Pediatric Allergies
98,AEMT,Pediatric,Medications,A 5-year-old (18 kg) with severe pain can receive fentanyl at:,"[""0.5 mcg/kg IN (max 50 mcg)"", ""1 mcg/kg IN (max 100 mcg)"", ""25 mcg fixed dose"", ""50 mcg fixed dose""]",1,"Pediatric fentanyl: 1 mcg/kg IN, maximum 100 mcg (50 mcg per nostril).",SNHD Protocols - Pediatric Pain Management
99,PARAMEDIC,Pediatric,Medications,Pediatric adenosine for SVT requires:,"[""Defibrillation first"", ""Rapid IV push followed by saline flush"", ""Slow IV drip"", ""IM injection""]",1,Adenosine must be given as rapid IV push followed immediately by 5-10 mL saline flush.,SNHD Protocols - Pediatric Dysrhythmias
100,PARAMEDIC,Pediatric,Medications,Pediatric amiodarone dosing for ventricular fibrillation:,"[""1 mg/kg IV/IO (max 100 mg)"", ""5 mg/kg IV/IO (max 300 mg)"", ""150 mg fixed dose"", ""300 mg fixed dose""]",1,"Pediatric amiodarone: 5 mg/kg IV/IO, maximum 300 mg for cardiac arrest.",SNHD Protocols - Pediatric Cardiac Arrest
101,AEMT,Pediatric,Medications,Pediatric ondansetron (Zofran) for vomiting is contraindicated in:,"[""Fever"", ""Known prolonged QT syndrome"", ""Dehydration"", ""All pediatric patients""]",1,Ondansetron is contraindicated in prolonged QT syndrome due to risk of torsades.,SNHD Protocols - Pediatric Contraindications
102,PARAMEDIC,Pediatric,Medications,Pediatric dextrose (D10) for hypoglycemia is given at:,"[""0.5 g/kg (5 mL/kg) slow IV"", ""1 g/kg (10 mL/kg) rapid IV"", ""2 g/kg IV push"", ""D25 preferred""]",0,Pediatric D10: 5 mL/kg (0.5 g/kg) slow IV. D10 is preferred over D25/D50 in pediatrics.,SNHD Protocols - Pediatric Hypoglycemia
103,EMT,Pediatric,Medications,Pediatric acetaminophen (Tylenol) rectal dose for fever:,"[""5 mg/kg"", ""10 mg/kg"", ""15 mg/kg"", ""20 mg/kg""]",2,"Pediatric acetaminophen: 15 mg/kg PO or PR, maximum 75 mg/kg/day (not to exceed adult max).",SNHD Protocols - Pediatric Fever
104,PARAMEDIC,Pediatric,Medications,Pediatric succinylcholine for RSI is dosed at:,"[""0.5 mg/kg"", ""1 mg/kg"", ""2 mg/kg"", ""3 mg/kg""]",2,Pediatric succinylcholine: 2 mg/kg IV (higher dose than adults due to larger volume of distribution).,SNHD Protocols - Pediatric RSI
105,PARAMEDIC,Pediatric,Medications,Pediatric rocuronium for RSI is dosed at:,"[""0.3 mg/kg"", ""0.6 mg/kg"", ""1.2 mg/kg"", ""1.6 mg/kg""]",2,Pediatric rocuronium for RSI: 1.2 mg/kg IV (higher dose than adults).,SNHD Protocols - Pediatric Airway
106,EMT,Pediatric,Special Cases,"In pediatric bradycardia with poor perfusion, first intervention is:","[""Atropine"", ""Epinephrine"", ""Oxygenation and ventilation support"", ""Defibrillation""]",2,Pediatric bradycardia is usually due to hypoxia - oxygenate and ventilate first.,SNHD Protocols - Pediatric Bradycardia
107,AEMT,Pediatric,Special Cases,Pediatric dose calculation using Broselow tape is based on:,"[""Age"", ""Weight only"", ""Length/height"", ""Head circumference""]",2,Broselow tape uses patient length to estimate weight and provide medication dosing.,SNHD Protocols - Pediatric Equipment
108,EMT,Pediatric,Special Cases,"During pediatric respiratory arrest with a pulse, ventilate at:","[""30 breaths/minute"", ""20-30 breaths/minute"", ""12-20 breaths/minute"", ""As fast as possible""]",1,Pediatric with pulse: ventilate 20-30 breaths/minute (every 2-3 seconds).,SNHD Protocols - Pediatric Ventilation
109,PARAMEDIC,Pediatric,Special Cases,Pediatric septic shock may present with:,"[""Hypertension"", ""Normal or low BP with signs of poor perfusion (compensated shock)"", ""Bradycardia"", ""Increased urine output""]",1,"Pediatric patients compensate well - may have normal BP but poor perfusion (tachycardia, delayed cap refill, altered mentation).",SNHD Protocols - Pediatric Shock Recognition
110,EMT,Pediatric,Special Cases,"For infants, proper BVM technique requires:","[""One hand for seal, one for squeeze"", ""Two hands for seal, one for squeeze"", ""One person only"", ""High pressure ventilation""]",1,"Infant BVM: Two hands for mask seal (E-C technique), one person squeezes bag. Prevents air leaks.",SNHD Protocols - Pediatric BVM
111,AEMT,Pediatric,Special Cases,Pediatric IO (intraosseous) access is preferred in children under:,"[""2 years"", ""6 years"", ""12 years"", ""Any age if no IV access""]",1,IO is preferred in children under 6 years when IV access difficult or delayed. Can be used in any age.,SNHD Protocols - Pediatric Access
112,EMT,Pediatric,Special Cases,"During pediatric fever with altered mental status, suspect:","[""Simple viral illness"", ""Febrile seizure, meningitis, or sepsis"", ""Heat exhaustion"", ""Hypoglycemia only""]",1,"Fever + altered mental status in pediatrics is serious - consider febrile seizure, meningitis, or sepsis.",SNHD Protocols - Pediatric Fever Workup
113,PARAMEDIC,Pediatric,Special Cases,Pediatric post-intubation sedation and analgesia should include:,"[""No medications needed"", ""Analgesia (pain control) AND sedation"", ""Sedation only"", ""Paralytic only""]",1,Intubated pediatric patients require both analgesia (fentanyl) AND sedation (midazolam/ketamine).,SNHD Protocols - Pediatric Post-Intubation
114,EMT,Pediatric,Special Cases,"For suspected non-accidental trauma in pediatrics, you should:","[""Confront the parents immediately"", ""Document findings objectively and report suspicions"", ""Ignore it as not your concern"", ""Transport without documentation""]",1,"Document objective findings, mechanism inconsistencies, and report suspicions to receiving facility.",SNHD Protocols - Pediatric Abuse
115,PARAMEDIC,Pediatric,Special Cases,Pediatric traumatic arrest with asystole has:,"[""Good prognosis with aggressive resuscitation"", ""Poor prognosis - consider terminating if no reversible cause"", ""Always due to hypothermia"", ""Better outcomes than adults""]",1,Pediatric traumatic arrest in asystole has very poor prognosis. Consider termination if no reversible cause found.,SNHD Protocols - Pediatric Traumatic Arrest
116,EMT,Pediatric,Fluid Boluses,A 4-year-old weighing 16 kg needs a fluid bolus. Calculate: 16 kg × 20 mL/kg = ?,"[""240 mL"", ""320 mL"", ""400 mL"", ""480 mL""]",1,"16 kg × 20 mL/kg = 320 mL. This is under the 1000 mL cap, so give full 320 mL.",SNHD Protocols - Pediatric Fluid Calculation
117,EMT,Pediatric,Fluid Boluses,An 8-year-old weighing 25 kg needs a fluid bolus. Calculate amount and apply cap: 25 kg × 20 mL/kg = ?,"[""400 mL"", ""500 mL"", ""750 mL"", ""1000 mL (capped)""]",1,"25 kg × 20 mL/kg = 500 mL. Under 1000 mL cap, so give 500 mL.",SNHD Protocols - Pediatric Fluid Calculation
118,EMT,Pediatric,Fluid Boluses,A 12-year-old weighing 55 kg needs a fluid bolus. Calculate: 55 kg × 20 mL/kg = ? Apply cap.,"[""800 mL"", ""1000 mL (capped)"", ""1100 mL"", ""1200 mL""]",1,"55 kg × 20 mL/kg = 1100 mL, BUT maximum single bolus is 1000 mL. Give 1000 mL.",SNHD Protocols - Pediatric Fluid Cap
119,EMT,Pediatric,Fluid Boluses,A 2-year-old weighing 12 kg is in hypovolemic shock. First bolus is 12 kg × 20 mL/kg = ?,"[""200 mL"", ""240 mL"", ""300 mL"", ""400 mL""]",1,12 kg × 20 mL/kg = 240 mL first bolus. Reassess after administration.,SNHD Protocols - Pediatric Shock
120,AEMT,Pediatric,Fluid Boluses,"After first bolus, the 12 kg child remains hypotensive. Second bolus calculation: 12 kg × 20 mL/kg = ? Total given?","[""120 mL, total 360 mL"", ""240 mL, total 480 mL (40 mL/kg)"", ""500 mL, total 740 mL"", ""1000 mL total""]",1,Second bolus is another 240 mL. Total is 480 mL or 40 mL/kg. Maximum recommended before reassessment.,SNHD Protocols - Pediatric Bolus Limits
121,EMT,Pediatric,Fluid Boluses,A 5-year-old weighs 18 kg. Calculate fluid bolus: 18 kg × 20 mL/kg = ?,"[""300 mL"", ""360 mL"", ""400 mL"", ""500 mL""]",1,18 kg × 20 mL/kg = 360 mL bolus.,SNHD Protocols - Pediatric Calculation
122,EMT,Pediatric,Fluid Boluses,A 7-month-old infant weighs 8 kg. Calculate bolus: 8 kg × 20 mL/kg = ?,"[""120 mL"", ""160 mL"", ""200 mL"", ""240 mL""]",1,8 kg × 20 mL/kg = 160 mL bolus for this infant.,SNHD Protocols - Pediatric Infant Fluids
123,EMT,Pediatric,Fluid Boluses,A 10-year-old weighs 32 kg. Calculate: 32 kg × 20 mL/kg = ?,"[""540 mL"", ""640 mL"", ""740 mL"", ""840 mL""]",1,32 kg × 20 mL/kg = 640 mL bolus.,SNHD Protocols - Pediatric Calculation
124,AEMT,Pediatric,Fluid Boluses,A 14 kg child has received 2 boluses and remains unstable. You have given 14 kg × 20 mL/kg × 2 = ?,"[""420 mL"", ""560 mL"", ""640 mL"", ""760 mL""]",1,14 kg × 20 mL/kg = 280 mL per bolus. Two boluses = 560 mL total (40 mL/kg). Consider other interventions.,SNHD Protocols - Pediatric Maximum Boluses
125,PARAMEDIC,Pediatric,Fluid Boluses,A 50 kg adolescent in DKA with pH 7.1 and altered mental status. Fluid calculation: 50 kg × 20 mL/kg = ? Special consideration?,"[""1000 mL - give rapidly"", ""1000 mL - give cautiously due to cerebral edema risk"", ""2000 mL - DKA needs more"", ""No fluids until glucose normalized""]",1,DKA patients get 20 mL/kg (1000 mL) BUT must be given cautiously over 1-2 hours due to cerebral edema risk.,SNHD Protocols - DKA Fluids
126,EMT,Pediatric,Fluid Boluses,A 3-day-old neonate weighs 3.5 kg and is in shock. Neonatal bolus: 3.5 kg × 10 mL/kg = ?,"[""25 mL"", ""35 mL"", ""50 mL"", ""70 mL""]",1,Neonates (<28 days) receive 10 mL/kg boluses. 3.5 kg × 10 = 35 mL.,SNHD Protocols - Neonatal Bolus
127,AEMT,Pediatric,Fluid Boluses,A 9 kg infant in shock. First bolus: 9 kg × 20 mL/kg = ? Second bolus if needed?,"[""180 mL, then 180 mL more"", ""200 mL, then 200 mL more"", ""150 mL, then reassess"", ""No bolus - infants get IV only""]",0,"9 kg × 20 = 180 mL first bolus. If still unstable, second 180 mL bolus for total 360 mL (40 mL/kg).",SNHD Protocols - Pediatric Infants
128,PARAMEDIC,Pediatric,Fluid Boluses,A 22 kg child has 30% TBSA burns. Using Parkland formula (4 mL × kg × %TBSA): 4 × 22 × 30 = ? First 8 hours?,"[""1320 mL total, 660 mL in first 8 hours"", ""2640 mL total, 1320 mL in first 8 hours"", ""3000 mL total"", ""500 mL in first 8 hours""]",1,Parkland: 4 × 22 × 30 = 2640 mL total. Half in first 8 hours = 1320 mL.,SNHD Protocols - Burn Calculation
129,EMT,Pediatric,Fluid Boluses,A 6-year-old weighs 21 kg and has severe vomiting with signs of shock. Bolus calculation: 21 kg × 20 mL/kg = ?,"[""320 mL"", ""420 mL"", ""520 mL"", ""620 mL""]",1,21 kg × 20 mL/kg = 420 mL first bolus for hypovolemic shock.,SNHD Protocols - Dehydration
130,AEMT,Pediatric,Fluid Boluses,A 28 kg child needs fluids but has rales and JVD. What do you do?,"[""Give full 560 mL bolus"", ""Give half bolus (280 mL)"", ""No bolus - suspected CHF/fluid overload"", ""Give 1000 mL regardless""]",2,Rales and JVD indicate fluid overload/CHF. Fluid bolus is CONTRAINDICATED.,SNHD Protocols - Pediatric Contraindications
131,EMT,Pediatric,Fluid Boluses,A 15-month-old weighs 10 kg and is lethargic with delayed cap refill. Bolus: 10 kg × 20 mL/kg = ?,"[""150 mL"", ""200 mL"", ""250 mL"", ""300 mL""]",1,10 kg × 20 mL/kg = 200 mL first bolus for shock.,SNHD Protocols - Toddler Fluids
132,AEMT,Pediatric,Medications,A 9-year-old weighs 27 kg and has anaphylaxis. Epinephrine: 27 kg × 0.01 mg/kg = ? mg IM (max 0.3 mg),"[""0.2 mg"", ""0.27 mg"", ""0.3 mg (capped)"", ""0.5 mg""]",1,"27 kg × 0.01 = 0.27 mg IM. Under 0.3 mg max, so give 0.27 mg of 1:1000.",SNHD Protocols - Epinephrine Calculation
133,AEMT,Pediatric,Medications,A 5-year-old weighs 19 kg with anaphylaxis. Epinephrine: 19 kg × 0.01 mg/kg = ? Check against max.,"[""0.15 mg"", ""0.19 mg"", ""0.25 mg"", ""0.3 mg (capped)""]",1,"19 kg × 0.01 = 0.19 mg IM. Under 0.3 mg max, so give full calculated dose.",SNHD Protocols - Pediatric Anaphylaxis
134,AEMT,Pediatric,Medications,A 35 kg child has anaphylaxis. Epinephrine: 35 kg × 0.01 = 0.35 mg. Apply max. Dose?,"[""0.3 mg (capped)"", ""0.35 mg"", ""0.4 mg"", ""0.5 mg""]",0,"Calculated 0.35 mg, but MAXIMUM pediatric epinephrine is 0.3 mg IM. Give 0.3 mg.",SNHD Protocols - Pediatric Med Max
135,PARAMEDIC,Pediatric,Medications,A 12 kg child has status epilepticus. Midazolam: 12 kg × 0.1 mg/kg = ? mg IM/IN (max 5 mg),"[""0.8 mg"", ""1.0 mg"", ""1.2 mg"", ""5 mg""]",2,"12 kg × 0.1 = 1.2 mg IM/IN. Under 5 mg max, so give 1.2 mg.",SNHD Protocols - Midazolam Calc
136,PARAMEDIC,Pediatric,Medications,"An 8-year-old weighs 23 kg with asthma. Albuterol: 23 kg × 0.15 mg/kg = ? mg (min 2.5 mg, max 5 mg)","[""2.5 mg (minimum)"", ""3.45 mg"", ""5 mg (maximum)"", ""7 mg""]",1,"23 kg × 0.15 = 3.45 mg. Between 2.5-5 mg range, so give 3.45 mg (or round to 3.5 mg).",SNHD Protocols - Albuterol Calc
137,PARAMEDIC,Pediatric,Medications,A 4-year-old weighs 16 kg with severe asthma. Albuterol: 16 kg × 0.15 = 2.4 mg. Check min/max.,"[""2.4 mg"", ""2.5 mg (minimum)"", ""3 mg"", ""5 mg""]",1,"Calculated 2.4 mg, but MINIMUM is 2.5 mg. Give at least 2.5 mg.",SNHD Protocols - Albuterol Min
138,PARAMEDIC,Pediatric,Medications,A 40 kg child with severe pain. Fentanyl: 40 kg × 1 mcg/kg = ? mcg IN (max 100 mcg),"[""30 mcg"", ""40 mcg"", ""50 mcg"", ""100 mcg""]",1,40 kg × 1 mcg/kg = 40 mcg IN. Under 100 mcg max. Give 40 mcg (20 mcg per nostril).,SNHD Protocols - Fentanyl Calc
139,PARAMEDIC,Pediatric,Medications,A 55 kg adolescent needs fentanyl. 55 kg × 1 mcg/kg = 55 mcg. Max is 100 mcg. Dose?,"[""50 mcg"", ""55 mcg"", ""100 mcg"", ""150 mcg""]",2,"55 mcg calculated, but can give up to 100 mcg max. Consider giving 100 mcg for severe pain.",SNHD Protocols - Fentanyl Max
140,PARAMEDIC,Pediatric,Medications,A 7 kg infant is hypoglycemic. D10: 7 kg × 5 mL/kg = ? mL slow IV,"[""25 mL"", ""30 mL"", ""35 mL"", ""50 mL""]",2,7 kg × 5 mL/kg = 35 mL D10 slow IV push for hypoglycemia.,SNHD Protocols - D10 Calculation
141,PARAMEDIC,Pediatric,Medications,A 30 kg child needs RSI. Rocuronium: 30 kg × 1.2 mg/kg = ? mg IV,"[""24 mg"", ""30 mg"", ""36 mg"", ""40 mg""]",2,30 kg × 1.2 mg/kg = 36 mg IV rocuronium for paralysis.,SNHD Protocols - Rocuronium Calc
142,PARAMEDIC,Pediatric,Medications,A 20 kg child needs succinylcholine for RSI. 20 kg × 2 mg/kg = ? mg IV,"[""30 mg"", ""35 mg"", ""40 mg"", ""50 mg""]",2,20 kg × 2 mg/kg = 40 mg IV succinylcholine.,SNHD Protocols - Succinylcholine Calc
143,PARAMEDIC,Pediatric,Medications,A 14 kg toddler with VF. Amiodarone: 14 kg × 5 mg/kg = ? mg IV/IO (max 300 mg),"[""50 mg"", ""60 mg"", ""70 mg"", ""300 mg""]",2,14 kg × 5 mg/kg = 70 mg IV/IO. Well under 300 mg max.,SNHD Protocols - Amiodarone Calc
144,PARAMEDIC,Pediatric,Medications,A 65 kg adolescent in cardiac arrest needs amiodarone. 65 kg × 5 mg/kg = 325 mg. Apply max.,"[""300 mg (capped)"", ""325 mg"", ""350 mg"", ""400 mg""]",0,"Calculated 325 mg, but MAXIMUM is 300 mg. Give 300 mg IV/IO.",SNHD Protocols - Amiodarone Max
145,EMT,Pediatric,Medications,A 17 kg child has fever. Acetaminophen: 17 kg × 15 mg/kg = ? mg PO/PR,"[""200 mg"", ""255 mg"", ""300 mg"", ""350 mg""]",1,17 kg × 15 mg/kg = 255 mg PO or PR (round to 240 mg or 260 mg per local protocol).,SNHD Protocols - Acetaminophen Calc
146,AEMT,Pediatric,Medications,A 6 kg infant is hypoglycemic. Dextrose gel: 6 kg × 0.5 g/kg = ? g (if awake),"[""2 g"", ""3 g"", ""4 g"", ""5 g""]",1,6 kg × 0.5 g/kg = 3 g oral glucose gel if awake with gag reflex.,SNHD Protocols - Oral Glucose
147,PARAMEDIC,Pediatric,Medications,A 42 kg child needs ketamine for RSI. 42 kg × 2 mg/kg = ? mg IV,"[""60 mg"", ""74 mg"", ""84 mg"", ""100 mg""]",2,42 kg × 2 mg/kg = 84 mg IV ketamine for induction.,SNHD Protocols - Ketamine Calc
148,PARAMEDIC,Pediatric,Medications,A 25 kg child needs midazolam for seizure. 25 kg × 0.1 mg/kg = ? mg IM/IN (max 5 mg),"[""2 mg"", ""2.5 mg"", ""3 mg"", ""5 mg""]",1,25 kg × 0.1 = 2.5 mg IM/IN. Under 5 mg max. Can repeat in 5-10 minutes.,SNHD Protocols - Midazolam Calc
149,AEMT,Pediatric,Medications,A 10 kg child has allergic reaction. Diphenhydramine: 10 kg × 0.5 mg/kg = ? mg (max 25 mg),"[""3 mg"", ""5 mg"", ""10 mg"", ""25 mg""]",1,10 kg × 0.5 mg/kg = 5 mg IV/IM. Under 25 mg max.,SNHD Protocols - Diphenhydramine Calc
150,AEMT,Pediatric,Medications,A 3-year-old is wheezing but has a known sulfa allergy. Can you give albuterol?,"[""No - contraindicated"", ""Yes - albuterol is not a sulfa drug"", ""Only if severe"", ""Give epinephrine instead""]",1,Albuterol does NOT contain sulfa. Safe to give despite sulfa allergy.,SNHD Protocols - Allergy Clarification
151,PARAMEDIC,Pediatric,Medications,A child needs pain control but has respiratory rate of 8. Which medication is CONTRAINDICATED?,"[""Acetaminophen"", ""Fentanyl"", ""Ketorolac"", ""Ibuprofen""]",1,Fentanyl is contraindicated with respiratory depression (RR <10). Use non-opioid alternatives.,SNHD Protocols - Opioid Contraindications
152,PARAMEDIC,Pediatric,Medications,A 2-year-old has SVT. Adenosine should be given:,"[""Rapid IV push with immediate flush"", ""Slow IV drip"", ""IM injection"", ""Subcutaneously""]",0,Adenosine must be rapid IV push followed immediately by 5-10 mL saline flush (half-life <10 seconds).,SNHD Protocols - Adenosine Administration
153,PARAMEDIC,Pediatric,Medications,A 20 kg child has moderate pain from a fracture. Ibuprofen dosing: 20 kg × 10 mg/kg = ?,"[""100 mg"", ""200 mg"", ""300 mg"", ""400 mg""]",1,"20 kg × 10 mg/kg = 200 mg PO ibuprofen (max 400 mg/dose, 1200 mg/day).",SNHD Protocols - Ibuprofen Dosing
154,PARAMEDIC,Pediatric,Medications,A 15 kg toddler needs pain relief. Acetaminophen rectal: 15 kg × 15 mg/kg = ?,"[""150 mg"", ""200 mg"", ""225 mg"", ""300 mg""]",2,15 kg × 15 mg/kg = 225 mg PR acetaminophen (round to 240 mg per local protocol).,SNHD Protocols - Acetaminophen PR
155,PARAMEDIC,Pediatric,Medications,An 18 kg child with vomiting. Ondansetron: 18 kg × 0.15 mg/kg = ? mg (max 4 mg),"[""2 mg"", ""2.4 mg"", ""2.7 mg"", ""4 mg""]",2,18 kg × 0.15 = 2.7 mg PO/ODT. Under 4 mg max. Can round to 2.5 or 3 mg.,SNHD Protocols - Ondansetron Dosing
156,PARAMEDIC,Pediatric,Medications,A 25 kg child needs ondansetron. 25 kg × 0.15 = 3.75 mg. IV dosing is different:,"[""0.1 mg/kg IV (max 2 mg)"", ""0.15 mg/kg IV"", ""0.5 mg/kg IV"", ""1 mg/kg IV""]",0,Ondansetron IV: 0.1 mg/kg (max 2 mg IV). PO/ODT is 0.15 mg/kg (max 4 mg).,SNHD Protocols - Ondansetron IV vs PO
157,EMT,Pediatric,Medications,A 12 kg infant with wheezing. Albuterol: 12 kg × 0.15 mg/kg = ? (min 2.5 mg),"[""1.5 mg"", ""1.8 mg"", ""2.5 mg (minimum)"", ""3 mg""]",2,"12 kg × 0.15 = 1.8 mg, but MINIMUM is 2.5 mg. Give 2.5 mg via nebulizer.",SNHD Protocols - Albuterol Minimum
158,AEMT,Pediatric,Medications,Albuterol can be repeated every how often in severe pediatric asthma?,"[""Every 15 minutes"", ""Every 20-30 minutes"", ""Every hour"", ""Once only""]",1,Albuterol can be repeated every 20-30 minutes in severe asthma with reassessment.,SNHD Protocols - Albuterol Frequency
159,PARAMEDIC,Pediatric,Medications,A 20 kg child with moderate asthma exacerbation. Prednisolone: 20 kg × 1 mg/kg = ?,"[""10 mg"", ""20 mg"", ""30 mg"", ""40 mg""]",1,20 kg × 1 mg/kg = 20 mg PO prednisolone (typical range 1-2 mg/kg).,SNHD Protocols - Prednisolone Dosing
160,PARAMEDIC,Pediatric,Medications,Dexamethasone for pediatric asthma/croup alternative dosing:,"[""0.3 mg/kg PO/IM (max 10 mg)"", ""0.6 mg/kg PO/IM (max 10 mg)"", ""1 mg/kg"", ""2 mg/kg""]",1,Dexamethasone: 0.6 mg/kg PO/IM (max 10 mg) - longer acting than prednisolone.,SNHD Protocols - Dexamethasone
161,PARAMEDIC,Pediatric,Medications,A 10 kg infant with opioid-induced respiratory depression. Naloxone: 10 kg × 0.1 mg/kg = ?,"[""0.5 mg"", ""1 mg"", ""1.5 mg"", ""2 mg""]",1,"10 kg × 0.1 mg/kg = 1 mg IV/IM/IN (max 2 mg). Titrate to effect, not full reversal.",SNHD Protocols - Naloxone Pediatric
162,PARAMEDIC,Pediatric,Medications,Naloxone for a 4-year-old (16 kg) with suspected overdose. Intranasal dosing?,"[""1 mg in one nostril"", ""2 mg total (1 mg each nostril)"", ""4 mg in one nostril"", ""0.5 mg total""]",1,"Pediatric IN naloxone: 2 mg total, divided as 1 mg in each nostril (max per nostril).",SNHD Protocols - Naloxone IN
163,PARAMEDIC,Pediatric,Medications,A 3 kg newborn in cardiac arrest needs epinephrine. Dose: 3 kg × 0.01 mg/kg = ? mg IV/IO,"[""0.01 mg"", ""0.03 mg"", ""0.1 mg"", ""0.3 mg""]",1,"3 kg × 0.01 mg/kg = 0.03 mg (0.3 mL of 1:10,000) IV/IO every 3-5 minutes.",SNHD Protocols - Neonatal Epinephrine
164,PARAMEDIC,Pediatric,Medications,Pediatric epinephrine for cardiac arrest vs anaphylaxis dosing differs. Arrest is:,"[""0.01 mg/kg IV/IO (1:10,000)"", ""0.1 mg/kg IV/IO"", ""0.01 mg/kg IM"", ""0.3 mg fixed""]",0,"Cardiac arrest: 0.01 mg/kg (0.1 mL/kg) of 1:10,000 IV/IO. Anaphylaxis: 0.01 mg/kg IM (1:1,000).",SNHD Protocols - Epinephrine Routes
165,PARAMEDIC,Pediatric,Medications,Atropine for pediatric symptomatic bradycardia (minimum dose to prevent paradoxical bradycardia):,"[""0.01 mg/kg (min 0.1 mg, max 0.5 mg)"", ""0.02 mg/kg IV"", ""0.1 mg fixed"", ""0.5 mg fixed""]",0,"Atropine: 0.02 mg/kg IV/IO (minimum 0.1 mg, maximum 0.5 mg child, 1 mg adolescent).",SNHD Protocols - Atropine Pediatric
166,PARAMEDIC,Pediatric,Medications,A 24 kg child needs RSI. Etomidate induction dose: 24 kg × 0.3 mg/kg = ? mg IV,"[""5 mg"", ""7.2 mg"", ""10 mg"", ""15 mg""]",1,24 kg × 0.3 mg/kg = 7.2 mg IV etomidate for induction (typical range 0.2-0.3 mg/kg).,SNHD Protocols - Etomidate Pediatric
167,PARAMEDIC,Pediatric,Medications,Ketamine for pediatric sedation (not RSI): 30 kg × 1 mg/kg = ? mg IV/IM,"[""10 mg"", ""20 mg"", ""30 mg"", ""60 mg""]",2,30 kg × 1 mg/kg = 30 mg IV/IM for procedural sedation (RSI dose is 2 mg/kg).,SNHD Protocols - Ketamine Sedation
168,PARAMEDIC,Pediatric,Medications,Propofol for pediatric RSI: 25 kg × 2 mg/kg = ? mg IV,"[""25 mg"", ""50 mg"", ""75 mg"", ""100 mg""]",1,"25 kg × 2 mg/kg = 50 mg IV propofol (use cautiously, can cause hypotension).",SNHD Protocols - Propofol Pediatric
169,PARAMEDIC,Pediatric,Medications,A 20 kg child post-intubation needs ongoing paralysis. Vecuronium: 20 kg × 0.1 mg/kg = ?,"[""1 mg"", ""2 mg"", ""3 mg"", ""4 mg""]",1,20 kg × 0.1 mg/kg = 2 mg IV vecuronium for maintenance paralysis.,SNHD Protocols - Vecuronium
170,PARAMEDIC,Pediatric,Medications,Post-intubation sedation for 40 kg child: Fentanyl 1 mcg/kg + Midazolam 0.1 mg/kg = ?,"[""20 mcg fentanyl + 2 mg midazolam"", ""40 mcg fentanyl + 4 mg midazolam"", ""60 mcg fentanyl + 6 mg midazolam"", ""100 mcg fentanyl + 10 mg midazolam""]",1,40 kg: 40 mcg fentanyl + 4 mg midazolam. Both analgesia AND sedation required.,SNHD Protocols - Post-Intubation Care
171,AEMT,Pediatric,Medications,A 5 kg infant with BG 45 mg/dL and altered mental status. D10: 5 kg × 5 mL/kg = ?,"[""15 mL"", ""25 mL"", ""35 mL"", ""50 mL""]",1,5 kg × 5 mL/kg = 25 mL D10 slow IV push for hypoglycemia.,SNHD Protocols - Infant Hypoglycemia
172,AEMT,Pediatric,Medications,Glucagon for a 12 kg child unable to take PO with BG 50: 12 kg × 0.03 mg/kg = ? mg IM,"[""0.2 mg"", ""0.36 mg"", ""0.5 mg"", ""1 mg""]",1,"12 kg × 0.03 mg/kg = 0.36 mg IM/SC glucagon (if no IV access, can use 0.5 mg min).",SNHD Protocols - Glucagon Pediatric
173,PARAMEDIC,Pediatric,Medications,A 30 kg child with suspected meningitis. Ceftriaxone: 30 kg × 50 mg/kg = ? mg IM/IV,"[""500 mg"", ""1000 mg"", ""1500 mg"", ""2000 mg""]",2,30 kg × 50 mg/kg = 1500 mg IM/IV ceftriaxone (max 2 g) for suspected meningitis.,SNHD Protocols - Meningitis Antibiotics
174,PARAMEDIC,Pediatric,Medications,A 25 kg child with refractory asthma. Magnesium: 25 kg × 25-50 mg/kg = ? mg IV (max 2 g),"[""250-500 mg"", ""625-1250 mg"", ""1000-1500 mg"", ""2000 mg""]",1,25 kg × 25-50 mg/kg = 625-1250 mg IV magnesium sulfate over 20 minutes.,SNHD Protocols - Magnesium Asthma
175,PARAMEDIC,Pediatric,Medications,A 20 kg child with hyperkalemia. Calcium gluconate: 20 kg × 0.5-1 mL/kg = ? mL,"[""5-10 mL"", ""10-20 mL"", ""20-30 mL"", ""30-40 mL""]",1,20 kg × 0.5-1 mL/kg = 10-20 mL calcium gluconate slow IV for hyperkalemia/cardiac stabilization.,SNHD Protocols - Hyperkalemia
176,PARAMEDIC,Pediatric,Medications,A 15 kg child with severe metabolic acidosis. Sodium bicarb: 15 kg × 1-2 mEq/kg = ? mEq,"[""5-10 mEq"", ""15-30 mEq"", ""30-45 mEq"", ""45-60 mEq""]",1,15 kg × 1-2 mEq/kg = 15-30 mEq sodium bicarbonate slow IV for severe acidosis.,SNHD Protocols - Bicarbonate
177,AEMT,Pediatric,Medications,A 22 kg child with allergic reaction. Diphenhydramine PO: 22 kg × 1 mg/kg = ? mg (max 50 mg),"[""15 mg"", ""22 mg"", ""25 mg"", ""50 mg""]",1,"22 kg × 1 mg/kg = 22 mg PO diphenhydramine (IV/IM is 0.5 mg/kg, max 25 mg).",SNHD Protocols - Diphenhydramine PO
178,PARAMEDIC,Pediatric,Medications,A child with organophosphate poisoning needs atropine. Initial dose and escalation?,"[""0.01 mg/kg once"", ""0.02 mg/kg, double every 5 min until secretions dry"", ""0.1 mg/kg single dose"", ""1 mg fixed regardless of weight""]",1,"Organophosphate: 0.02 mg/kg atropine, double every 5 min until drying of secretions (toxic dose may be very high).",SNHD Protocols - Organophosphate
179,EMT,Pediatric,Medications,Broselow tape color zones estimate weights. Yellow zone is approximately:,"[""3-5 kg"", ""10-11 kg"", ""15-18 kg"", ""24-29 kg""]",1,Broselow tape: Yellow = 10-11 kg (approximately 1 year old).,SNHD Protocols - Broselow Reference
180,EMT,Pediatric,Medications,"Using Broselow tape, Purple zone (smallest) equipment sizes and approximate weight:","[""Premature <3 kg"", ""Term newborn 3-5 kg"", ""3-6 months 5-7 kg"", ""6-12 months 8-10 kg""]",1,Broselow Purple = term newborn approximately 3-5 kg.,SNHD Protocols - Broselow Purple
181,EMT,Pediatric,Fluid Boluses,What is the standard weight-based volume for an initial NS or LR bolus in pediatric patients according to the Clark County protocols?,"[""30 ml/kg"", ""20 ml/kg"", ""10 ml/kg"", ""50 ml/kg""]",1,20 ml/kg is the fundamental weight-based fluid increment for pediatric patients across most shock and assessment protocols.,SNHD Protocols - Pediatric Fluids
182,EMT,Pediatric,Fluid Boluses,What is the maximum total volume of NS or LR that should be administered to a pediatric patient in shock before seeking medical direction?,"[""100 ml/kg"", ""40 ml/kg"", ""20 ml/kg"", ""60 ml/kg""]",1,Maximum 40 ml/kg (2 boluses) before seeking medical direction or considering other interventions.,SNHD Protocols - Pediatric Shock Limits
183,AEMT,Pediatric,Fluid Boluses,"If a pediatric patient with abdominal pain is suspected of being in Diabetic Ketoacidosis (DKA), what is the maximum amount of fluid bolus allowed?","[""20 ml/kg"", ""10 ml/kg"", ""60 ml/kg"", ""40 ml/kg""]",1,DKA patients get maximum 10 ml/kg bolus due to risk of cerebral edema.,SNHD Protocols - Pediatric DKA
184,EMT,Pediatric,Fluid Boluses,"According to the Pediatric Burn protocol, what is the appropriate fluid bolus for a 4-year-old child showing signs of hypoperfusion?","[""250 ml"", ""125 ml"", ""500 ml"", ""20 ml/kg""]",3,"Pediatric burn protocol uses 20 ml/kg for hypoperfusion, not fixed volumes.",SNHD Protocols - Pediatric Burn
185,EMT,Pediatric,Fluid Boluses,"In the Pediatric Burn protocol, what is the fixed bolus volume for a 10-year-old child?","[""1000 ml"", ""125 ml"", ""500 ml"", ""250 ml""]",2,Pediatric burn protocol specifies 500 ml fixed bolus for certain age groups with hypoperfusion.,SNHD Protocols - Pediatric Burn Fixed
186,EMT,Pediatric,Fluid Boluses,"For a 15-year-old patient being treated under the Pediatric Burn protocol, what fluid bolus should be administered?","[""20 ml/kg"", ""500 ml"", ""1000 ml"", ""250 ml""]",1,500 ml bolus for pediatric burn patients in specific age/weight categories.,SNHD Protocols - Pediatric Burn
187,EMT,Pediatric,Assessment,What is the calculated minimum acceptable systolic blood pressure for a 5-year-old child?,"[""90 mmHg"", ""70 mmHg"", ""100 mmHg"", ""80 mmHg""]",3,Using formula (Age × 2) + 70: (5 × 2) + 70 = 80 mmHg minimum SBP.,SNHD Protocols - Pediatric BP Calculation
188,AEMT,Pediatric,Fluid Boluses,"When treating a pediatric patient for non-traumatic shock, which clinical finding indicates that you should stop repeating fluid boluses?","[""A systolic blood pressure of 70 mmHg in a 1-year-old"", ""The patient remains tachycardic"", ""Presence of rales on lung exam"", ""The patient develops a fever""]",2,Rales on lung exam indicates fluid overload - stop fluids and contact medical direction.,SNHD Protocols - Fluid Contraindications
189,EMT,Pediatric,Assessment,What is the minimum systolic blood pressure target for a 2-year-old child undergoing fluid resuscitation?,"[""72 mmHg"", ""74 mmHg"", ""80 mmHg"", ""90 mmHg""]",1,Using formula (Age × 2) + 70: (2 × 2) + 70 = 74 mmHg minimum SBP.,SNHD Protocols - Pediatric BP Target
190,AEMT,Fluid Boluses,Assessment,Which fluid types are approved for bolus administration in both adult and pediatric patients according to these protocols?,"[""NS with 20 mEq/L Potassium"", ""D5W or NS"", ""NS or LR"", ""0.45% NS only""]",2,Normal Saline (NS) or Lactated Ringers (LR) are approved for boluses in all patients.,SNHD Protocols - Approved Fluids
191,EMT,Environmental,Environmental,"For adult patients suffering from heat-related or cold-related illness with poor perfusion, what is the initial bolus volume?","[""2000 ml"", ""500 ml"", ""1000 ml"", ""250 ml""]",1,500 ml bolus for environmental illness with poor perfusion in adults.,SNHD Protocols - Environmental Illness
192,EMT,Environmental,Environmental,What is the maximum cumulative fluid limit for an adult patient being treated for Heat-Related illness?,"[""3000 ml"", ""60 ml/kg"", ""1000 ml"", ""2000 ml""]",3,Maximum 2000 ml cumulative for heat-related illness in adults.,SNHD Protocols - Heat Illness Limits
193,EMT,Other,Assessment,"According to the general assessment Pearls, what action must be performed after each fluid bolus is administered?","[""Administer an antiemetic"", ""Perform retroperitoneal palpation"", ""Check a blood glucose level"", ""Repeat vital signs""]",3,Repeat vital signs after every fluid bolus to assess response and avoid fluid overload.,SNHD Protocols - Assessment Pearls
194,PARAMEDIC,Pediatric,Cardiac/Respiratory,"In the case of pediatric bradycardia with poor perfusion, what fluid intervention is indicated if hypovolemia is suspected?","[""No fluid bolus is indicated for bradycardia"", ""10 ml/kg bolus"", ""D10 at 5 ml/kg"", ""20 ml/kg bolus""]",3,Pediatric bradycardia with poor perfusion gets 20 ml/kg bolus if hypovolemia suspected after oxygenation/ventilation.,SNHD Protocols - Pediatric Bradycardia
195,EMT,Pediatric,Medications,Which protocol specifies that Morphine is not recommended for children?,"[""Neonatal Resuscitation"", ""Pediatric Allergic Reaction"", ""Pediatric Burns"", ""Pediatric Abdominal Pain""]",2,Pediatric Burn protocol specifies morphine is not recommended for children.,SNHD Protocols - Pediatric Burns
196,EMT,Pediatric,Environmental,"For a pediatric smoke inhalation patient with hypotension, what is the appropriate initial fluid management?","[""NS or LR bolus at 125 ml"", ""NS or LR bolus at 20 ml/kg"", ""NS bolus at 500 ml"", ""Hydroxocobalamin only""]",1,Pediatric smoke inhalation with hypotension gets 20 ml/kg NS or LR bolus.,SNHD Protocols - Smoke Inhalation
197,EMT,Pediatric,Fluid Boluses,What is the maximum cumulative dose for fluid boluses in the Pediatric Allergic Reaction protocol for a patient in shock?,"[""2000 ml"", ""60 ml/kg"", ""30 ml/kg"", ""20 ml/kg""]",3,Pediatric Allergic Reaction protocol limits fluids to maximum 20 ml/kg for shock.,SNHD Protocols - Pediatric Allergic Reaction
198,PARAMEDIC,Pediatric,Medications,"For patients with known adrenal insufficiency, what is the primary recommended intervention alongside fluid boluses?","[""Oral glucose regardless of BG level"", ""Administer high-dose Epinephrine"", ""Wait for medical direction"", ""Administer the patient's own Solu-Cortef""]",3,Patients with adrenal insufficiency should receive their own Solu-Cortef (hydrocortisone) if available.,SNHD Protocols - Adrenal Insufficiency
199,EMT,Pediatric,Assessment,The estimated minimum systolic blood pressure calculation formula ((Age in Years×2)+70) applies up to what age?,"[""5 years"", ""18 years"", ""10 years"", ""13 years""]",1,Formula (Age × 2) + 70 applies up to age 18. Adult minimum (90 mmHg) applies after age 18.,SNHD Protocols - BP Formula Age
200,EMT,OB/Neonatal,Procedures,"In Neonatal Resuscitation, what is the required compression-to-ventilation ratio for CPR?","[""10:1"", ""15:2"", ""3:1"", ""30:2""]",2,"Neonatal CPR uses 3:1 compression-to-ventilation ratio (3 compressions, 1 breath).",SNHD Protocols - Neonatal CPR
201,EMT,OB/Neonatal,Medications,What dose of D10 is specified for a newborn with hypoglycemia (BG<40 mg/dl)?,"[""5 ml/kg"", ""10 ml/kg"", ""2 ml/kg"", ""20 ml/kg""]",0,Neonatal hypoglycemia: D10 at 5 ml/kg IV/IO.,SNHD Protocols - Neonatal Hypoglycemia
202,EMT,OB/Neonatal,Assessment,What threshold defines hypoglycemia in a newborn according to the protocols?,"[""<60 mg/dl"", ""<20 mg/dl"", ""<80 mg/dl"", ""<40 mg/dl""]",3,Newborn hypoglycemia is defined as blood glucose <40 mg/dl.,SNHD Protocols - Neonatal Glucose
203,PARAMEDIC,OB/Neonatal,Medications,Which concentration of Sodium Bicarbonate should be used for neonatal patients according to the protocols?,"[""0.45%"", ""5%"", ""8.4%"", ""4.2%""]",3,Neonates should receive 4.2% sodium bicarbonate (diluted from 8.4%).,SNHD Protocols - Neonatal Bicarbonate
204,PARAMEDIC,Burns,Procedures,What is the primary reason to contact Medical Direction at the Burn Center according to the tiered burn protocols?,"[""For further drip rates or additional boluses"", ""To confirm the patient's age"", ""To report blood glucose levels"", ""To request an initial fluid bolus""]",0,Contact Burn Center Medical Direction for further drip rates or additional boluses beyond initial protocol.,SNHD Protocols - Burn Center Contact
205,AEMT,Pediatric,Medications,"In the Pediatric Allergic Reaction protocol, what is the maximum single dose of Diphenhydramine?","[""1 mg"", ""50 mg"", ""25 mg"", ""100 mg""]",1,Maximum single dose of diphenhydramine in pediatric allergic reaction is 50 mg.,SNHD Protocols - Pediatric Diphenhydramine
206,PARAMEDIC,Pediatric,Medications,What is the maximum single dose of D10 when treating a pediatric patient for hypoglycemia?,"[""60 ml"", ""25 g"", ""50 g"", ""5 g""]",1,Maximum single dose of D10 for pediatric hypoglycemia is 25 grams.,SNHD Protocols - D10 Maximum
207,AEMT,Pediatric,Medications,What is the appropriate dose of Glucagon for a pediatric patient with no IV access who weighs less than 20 kg?,"[""0.5 mg IM"", ""0.1 mg/kg IM"", ""0.01 mg/kg IM"", ""1 mg IM""]",0,Glucagon for pediatrics <20 kg without IV access: 0.5 mg IM.,SNHD Protocols - Glucagon Pediatric
208,AEMT,Pediatric,Medications,"According to the Pediatric Allergic Reaction protocol, what is the maximum single dose of Epinephrine 1:1000 that can be administered IM?","[""0.5 mg"", ""1.5 mg"", ""0.3 mg"", ""0.1 mg""]",2,Maximum single dose of Epinephrine 1:1000 IM for pediatric allergic reaction is 0.3 mg.,SNHD Protocols - Pediatric Epi Max
209,EMT,Pediatric,Medications,"In a pediatric patient with suspected hypoglycemia, what is the correct volume and concentration for a D10 IV/IO bolus?","[""2 ml/kg of D10"", ""5 ml/kg of D10"", ""25 ml/kg of D10"", ""10 ml/kg of D10""]",1,Pediatric hypoglycemia: D10 at 5 ml/kg IV/IO bolus.,SNHD Protocols - Pediatric D10
210,AEMT,Pediatric,Medications,What is the weight-based dose for Diphenhydramine (Benadryl) across pediatric protocols for allergic reactions and dystonic reactions?,"[""0.5 mg/kg"", ""5 mg/kg"", ""1 mg/kg"", ""2 mg/kg""]",2,Pediatric diphenhydramine: 1 mg/kg PO or 0.5 mg/kg IV/IM for allergic/dystonic reactions.,SNHD Protocols - Diphenhydramine Dosing
211,PARAMEDIC,Pediatric,Medications,Which of the following is the maximum single dose for IV Morphine in pediatric pain management?,"[""2 mg"", ""5 mg"", ""15 mg"", ""10 mg""]",0,Maximum single dose of IV Morphine for pediatric pain management is 2 mg.,SNHD Protocols - Pediatric Morphine
212,PARAMEDIC,Pediatric,Medications,What is the recommended dose for Push Dose Epinephrine in the treatment of pediatric shock?,"[""1 mcg/kg"", ""0.01 mg/kg"", ""0.1 mcg/kg"", ""0.1 mg/kg""]",0,Push dose epinephrine for pediatric shock: 1 mcg/kg IV/IO.,SNHD Protocols - Push Dose Epi
213,PARAMEDIC,Pediatric,Medications,"For a pediatric patient in SVT, what is the initial rapid IV/IO push dose of Adenosine?","[""0.2 mg/kg"", ""0.1 mg/kg"", ""6 mg fixed dose"", ""0.3 mg/kg""]",1,Pediatric SVT: Initial adenosine 0.1 mg/kg rapid IV/IO push (max 6 mg first dose).,SNHD Protocols - Pediatric Adenosine
214,PARAMEDIC,Pediatric,Medications,"When administering Naloxone (Narcan) titration to a pediatric patient with respiratory depression, what is the per-kilogram dose?","[""2 mg fixed dose"", ""0.5 mg/kg"", ""0.01 mg/kg"", ""0.1 mg/kg""]",3,"Pediatric naloxone titration: 0.1 mg/kg IV/IM/IN (titrate to respiratory effort, not full consciousness).",SNHD Protocols - Naloxone Titration
215,PARAMEDIC,Pediatric,Medications,What is the maximum single dose of Fentanyl for a pediatric patient without a physician order?,"[""50 mcg"", ""10 mcg"", ""200 mcg"", ""100 mcg""]",0,Maximum single dose of fentanyl for pediatric patients without physician order is 50 mcg.,SNHD Protocols - Fentanyl Max
216,PARAMEDIC,Pediatric,Medications,"Under the Pediatric Seizure protocol, what is the dose for Midazolam when treating an active seizure?","[""0.2 mg/kg"", ""0.05 mg/kg"", ""2.5 mg fixed dose"", ""0.1 mg/kg""]",3,Pediatric seizure: Midazolam 0.1 mg/kg IM/IN/IV (max 5 mg).,SNHD Protocols - Midazolam Seizure
217,PARAMEDIC,Pediatric,Medications,What is the specific age requirement for administering Metoclopramide (Reglan) to a pediatric patient for nausea or pain?,"[""8 years of age or older"", ""12 years of age or older"", ""10 years of age or older"", ""2 years of age or older""]",0,Metoclopramide (Reglan) is only for pediatric patients 8 years or older.,SNHD Protocols - Reglan Age
218,PARAMEDIC,Pediatric,Medications,What is the correct dose for IV Acetaminophen (Tylenol) in pediatric patients?,"[""1 g fixed dose"", ""15 mg/kg"", ""10 mg/kg"", ""0.15 mg/kg""]",1,IV Acetaminophen for pediatrics: 15 mg/kg (max adult dose).,SNHD Protocols - IV Tylenol
219,PARAMEDIC,Pediatric,Medications,"In pediatric bradycardia, what are the minimum and maximum single doses for Atropine?","[""Min: 0.5 mg; Max: 3 mg"", ""Min: 0.1 mg; Max: 0.5 mg"", ""Min: 0.1 mg; Max: 1 mg"", ""Min: 0.02 mg; Max: 1 mg""]",2,"Pediatric atropine: Minimum 0.1 mg (to prevent paradoxical bradycardia), Maximum 0.5 mg child / 1 mg adolescent.",SNHD Protocols - Atropine Min/Max
220,PARAMEDIC,Pediatric,Medications,What is the pediatric dose for Ondansetron (Zofran)?,"[""4 mg fixed dose"", ""0.1 mg/kg"", ""1 mg/kg"", ""0.15 mg/kg""]",3,Pediatric ondansetron: 0.15 mg/kg PO/ODT (max 4 mg) or 0.1 mg/kg IV (max 2 mg).,SNHD Protocols - Ondansetron Dose
221,PARAMEDIC,Pediatric,Medications,"According to the Tachycardia protocol, how is Amiodarone administered to a pediatric patient with a pulse?","[""150 mg over 10 minutes"", ""5 mg/kg rapid IV push"", ""5 mg/kg in 50 ml NS over 20 minutes"", ""0.2 mg/kg over 20 minutes""]",2,Amiodarone with pulse: 5 mg/kg in 50 ml NS over 20 minutes (slow infusion).,SNHD Protocols - Amiodarone With Pulse
222,PARAMEDIC,Pediatric,Medications,What is the maximum dose of Midazolam allowed for the management of a pediatric febrile seizure?,"[""10 mg"", ""2.5 mg"", ""5 mg"", ""1 mg""]",2,Maximum midazolam for pediatric febrile seizure is 5 mg.,SNHD Protocols - Midazolam Max Seizure
223,PARAMEDIC,Pediatric,Medications,"When performing pediatric intubation, what is the induction dose for Etomidate?","[""0.03 mg/kg"", ""0.3 mg/kg"", ""1 mg/kg"", ""0.15 mg/kg""]",1,Pediatric etomidate for RSI induction: 0.3 mg/kg IV.,SNHD Protocols - Etomidate RSI
224,PARAMEDIC,Pediatric,Medications,Which concentration and dose of Epinephrine is administered via the Endotracheal Tube (ETT) during pediatric bradycardia?,"[""1:1000, 0.1 mg/kg"", ""1:10,000, 0.01 mg/kg"", ""1:1000, 0.01 mg/kg"", ""1:10,000, 0.1 mg/kg""]",0,ETT epinephrine: 1:1000 concentration at 0.1 mg/kg (higher concentration for ETT route).,SNHD Protocols - ETT Epinephrine
225,PARAMEDIC,Pediatric,Medications,What is the maximum single dose of Naloxone (Narcan) when administered via the Intranasal (IN) route to a pediatric patient?,"[""0.5 mg"", ""4 mg"", ""0.1 mg"", ""10 mg""]",1,Maximum single IN naloxone dose for pediatrics is 4 mg (2 mg per nostril).,SNHD Protocols - Naloxone IN Max
226,PARAMEDIC,Pediatric,Medications,"Under the Pediatric Tachycardia protocol, what is the dose for Magnesium Sulfate in cases of Torsades de Pointes?","[""2 g fixed dose"", ""5 mg/kg over 20 minutes"", ""50 mg/kg rapid IV push"", ""25 mg/kg in 50 ml NS over 10 minutes""]",3,Magnesium for pediatric Torsades: 25-50 mg/kg (max 2 g) over 10-20 minutes.,SNHD Protocols - Magnesium Torsades
227,PARAMEDIC,Pediatric,Medications,"For pediatric induction during airway management, what is the IV/IO dose for Ketamine?","[""4 mg/kg"", ""0.3 mg/kg"", ""2 mg/kg"", ""1 mg/kg""]",2,Pediatric ketamine for RSI induction: 2 mg/kg IV/IO.,SNHD Protocols - Ketamine RSI
228,PARAMEDIC,Pediatric,Medications,What is the maximum single dose of Ketamine when administered via the IM route for induction?,"[""500 mg"", ""200 mg"", ""100 mg"", ""400 mg""]",0,Maximum single IM ketamine dose for pediatric induction is 500 mg.,SNHD Protocols - Ketamine IM Max
229,PARAMEDIC,Pediatric,Medications,"In the Pediatric Shock protocol, for a patient with known adrenal insufficiency, what medication should be administered?","[""0.1 mg/kg Dexamethasone"", ""The patient's own Solu-Cortef (hydrocortisone)"", ""2 mg/kg Methylprednisolone"", ""0.01 mg/kg Epinephrine""]",1,Adrenal insufficiency: Give patient's own Solu-Cortef (hydrocortisone) if available.,SNHD Protocols - Adrenal Insufficiency
230,EMT,Pediatric,Fluid Boluses,"What is the initial volume for a pediatric fluid bolus in a non-trauma shock patient, provided there are no rales on lung exam?","[""60 ml/kg"", ""20 ml/kg"", ""500 ml"", ""10 ml/kg""]",1,Initial pediatric fluid bolus for non-trauma shock: 20 ml/kg (if no rales/JVD).,SNHD Protocols - Initial Bolus
231,AEMT,Pediatric,Medications,What is the maximum cumulative dose of Epinephrine 1:1000 that can be given IM for a pediatric allergic reaction?,"[""0.5 mg"", ""1.0 mg"", ""1.5 mg"", ""3.0 mg""]",1,Maximum cumulative IM epinephrine 1:1000 for pediatric allergic reaction is 1.0 mg.,SNHD Protocols - Epi Cumulative Max
232,PARAMEDIC,Pediatric,Medications,"In the Pediatric Pain Management protocol, what is the IN/IM/IV/IO dose for Fentanyl?","[""1 mcg/kg"", ""0.1 mcg/kg"", ""1 mg/kg"", ""10 mcg/kg""]",0,Pediatric fentanyl: 1 mcg/kg IN/IM/IV/IO (max 50 mcg without physician order).,SNHD Protocols - Fentanyl Dosing
233,PARAMEDIC,Pediatric,Medications,"Under the Post-Intubation Sedation protocol for pediatrics, what is the maximum single dose of Midazolam?","[""20 mg"", ""2.5 mg"", ""5 mg"", ""10 mg""]",1,Maximum single midazolam dose for pediatric post-intubation sedation is 2.5 mg.,SNHD Protocols - Post-Intubation Midazolam
234,PARAMEDIC,Pediatric,Medications,What is the correct concentration and dose of Epinephrine used for IV/IO administration in pediatric bradycardia or cardiac arrest?,"[""1:10,000, 0.01 mg/kg"", ""1:1000, 0.01 mg/kg"", ""1:10,000, 0.1 mg/kg"", ""1:1000, 0.1 mg/kg""]",0,"IV/IO epinephrine: 1:10,000 concentration at 0.01 mg/kg (0.1 ml/kg).",SNHD Protocols - Epi IV/IO
235,EMT,Pediatric,Medications,What is the recommended dose of Ipratropium (0.02%) for a pediatric patient over 2 years old with wheezing?,"[""2.5 ml"", ""5 ml"", ""0.5 mg"", ""3.0 ml""]",0,Ipratropium 0.02% for pediatrics >2 years: 2.5 ml via SVN.,SNHD Protocols - Ipratropium
236,EMT,Pediatric,Medications,Which medication is noted as 'not recommended' for children in the treatment of pediatric abdominal pain?,"[""Ondansetron"", ""Morphine"", ""Fentanyl"", ""Acetaminophen""]",1,Morphine is specifically noted as NOT recommended for children with abdominal pain.,SNHD Protocols - Abdominal Pain Meds
237,EMT,Pediatric,Assessment,"According to the General Pediatric Assessment pearls, what is the standard initial fluid bolus for a pediatric patient in Clark County?","[""20 ml/kg"", ""50 ml/kg"", ""30 ml/kg"", ""10 ml/kg""]",0,Standard initial pediatric fluid bolus in Clark County protocols is 20 ml/kg.,SNHD Protocols - Assessment Pearls
238,AEMT,Pediatric,Medications,"For a pediatric patient with suspected hypoglycemia who weighs less than 20 kg, what is the correct dosage of Glucagon (IM)?","[""0.5 mg"", ""2 mg"", ""1 mg"", ""0.1 mg/kg""]",0,Glucagon for pediatrics <20 kg: 0.5 mg IM (if no IV access).,SNHD Protocols - Glucagon <20kg
239,EMT,Pediatric,Fluid Boluses,What is the maximum total volume of fluid boluses a pediatric patient can receive under general assessment pearls?,"[""20 ml/kg"", ""100 ml/kg"", ""40 ml/kg"", ""60 ml/kg""]",2,Maximum total fluid boluses under general assessment pearls: 40 ml/kg.,SNHD Protocols - Max Fluids
240,AEMT,Pediatric,Fluid Boluses,"In a pediatric patient suspected of having Diabetic Ketoacidosis (DKA), what is the maximum fluid bolus limit specified?","[""Do not exceed 10 ml/kg"", ""No limit is specified for DKA"", ""Do not exceed 20 ml/kg"", ""Do not exceed 60 ml/kg""]",0,DKA maximum fluid bolus: Do not exceed 10 ml/kg due to cerebral edema risk.,SNHD Protocols - DKA Max
241,AEMT,Pediatric,Medications,"When managing a pediatric allergic reaction, what is the maximum single dose of Epinephrine 1:1000 given via the IM route?","[""1.0 mg"", ""0.3 mg"", ""1.5 mg"", ""0.5 mg""]",1,Maximum single IM dose of Epinephrine 1:1000 for pediatric allergic reaction is 0.3 mg.,SNHD Protocols - Epi IM Max
242,EMT,Pediatric,Assessment,At what blood glucose level is a newborn considered hypoglycemic according to the Pediatric Altered Mental Status protocol?,"[""<70 mg/dl"", ""<40 mg/dl"", ""<20 mg/dl"", ""<60 mg/dl""]",1,Newborn hypoglycemia threshold: <40 mg/dl.,SNHD Protocols - Newborn Hypoglycemia
243,PARAMEDIC,Pediatric,Medications,What is the maximum single dose of D10 permitted for a pediatric patient?,"[""25 g"", ""50 g"", ""10 g"", ""15 g""]",0,Maximum single dose of D10 for pediatric hypoglycemia is 25 grams.,SNHD Protocols - D10 Max Single
244,EMT,Pediatric,Assessment,Which sign is specifically used to identify the onset of puberty in a female patient to determine if adult protocols should be used?,"[""First menstrual cycle"", ""Height over 5 feet"", ""Age over 12 years"", ""Any breast development""]",3,Any breast development indicates onset of puberty in females - may use adult protocols.,SNHD Protocols - Puberty Assessment
245,AEMT,Pediatric,Medications,What is the maximum dose of Diphenhydramine for a pediatric patient experiencing an allergic reaction?,"[""100 mg"", ""25 mg"", ""75 mg"", ""50 mg""]",3,Maximum diphenhydramine dose for pediatric allergic reaction is 50 mg.,SNHD Protocols - Diphenhydramine Max
246,EMT,Pediatric,Other,What is the appropriate size BVM for a pediatric patient weighing 25 kg?,"[""Infant BVM"", ""Pediatric BVM"", ""Neonatal BVM"", ""Adult BVM""]",1,Pediatric BVM is appropriate for patients approximately 10-40 kg (child size).,SNHD Protocols - BVM Sizing
247,PARAMEDIC,Pediatric,Medications,"When using Ondansetron ODT to a child, how should the provider handle rounding the dose?","[""Round up to the nearest 1/2 pill"", ""Round down to the nearest whole pill"", ""Do not round, administer exact weight-based dose"", ""Round to the nearest 1/4 pill""]",1,Round down to nearest whole pill to avoid overdose.,SNHD Protocols - Ondansetron Rounding
248,EMT,Pediatric,Other,What is the weight range for using a Pediatric BVM according to the Cardiac Arrest pearls?,"[""Under 10 kg"", ""10 to 40 kg"", ""5 to 30 kg"", ""5 to 20 kg""]",1,Pediatric BVM is for patients approximately 10-40 kg.,SNHD Protocols - Pediatric BVM Range
249,EMT,Pediatric,Medications,Which medication is NOT recommended for use in children for behavioral emergencies in Clark County?,"[""Naloxone"", ""Albuterol"", ""Midazolam"", ""Diphenhydramine""]",2,Midazolam is NOT recommended for pediatric behavioral emergencies per Clark County protocols.,SNHD Protocols - Behavioral Meds
250,EMT,Pediatric,Medications,What is the recommended dose of Levalbuterol for a pediatric patient via SVN?,"[""0.63 mg"", ""2.5 mg"", ""1.25 mg"", ""5.0 mg""]",2,Levalbuterol pediatric dose: 1.25 mg via SVN.,SNHD Protocols - Levalbuterol
251,AEMT,Pediatric,Medications,Which of these is a strict 'never' rule regarding Epinephrine administration for allergic reactions?,"[""Never use an auto-injector on a child"", ""Never give Epinephrine to a child under 5 kg"", ""Never give Epinephrine 1:1000 (IM concentration) through IV/IO route"", ""Never repeat Epinephrine more than once""]",2,"NEVER give Epinephrine 1:1000 (IM concentration) via IV/IO - must use 1:10,000 for IV/IO.",SNHD Protocols - Epi Safety
252,PARAMEDIC,Pediatric,Medications,"For a pediatric patient in shock, what is the goal systolic blood pressure (SBP) when titrating push-dose epinephrine or fluids?","[""60+Age"", ""70+2\u00d7Age"", ""Always 100 mm Hg"", ""90+2\u00d7Age""]",1,Goal SBP for pediatric shock: 70 + (2 × Age in years).,SNHD Protocols - SBP Goal
253,EMT,Pediatric,Assessment,"When managing pediatric epistaxis, what is the first step according to the assessment flow?","[""General Pediatric Assessment"", ""Administer Oxymetazoline"", ""Apply an ice pack to the bridge of the nose"", ""Direct pressure for 15 minutes""]",0,First step in pediatric epistaxis is General Pediatric Assessment.,SNHD Protocols - Epistaxis
254,EMT,Pediatric,Other,What is the weight threshold for switching from an Infant BVM to a Pediatric BVM?,"[""5 kg"", ""3 kg"", ""10 kg"", ""15 kg""]",0,Switch from Infant to Pediatric BVM at approximately 5 kg.,SNHD Protocols - BVM Switch
255,AEMT,Medications,Procedures,What is the action of Benadryl?,"[""Beta agonist"", ""Antihistamine"", ""Vasoconstrictor"", ""Analgesic""]",1,Diphenhydramine (Benadryl) is an antihistamine,SNHD Protocols
256,AEMT,Medications,Other,What class of medication is glucagon?,"[""Sympathomimetic"", ""Hormone/Hyperglycemic agent"", ""Anticholinergic"", ""Electrolyte""]",1,Glucagon is a hormone that acts as a hyperglycemic agent,SNHD Protocols
257,AEMT,OB/Neonatal,OB/Neonatal,What score does grimace get on the APGAR scale?,"[""0-2"", ""1-5"", ""0-10"", ""1-3""]",0,Grimace (Reflex Irritability) is scored from 0 to 2 on the APGAR scale,SNHD Protocols
258,AEMT,Transport Criteria,Transport/Admin,Which hospital does air transport go?,"[""Nearest hospital"", ""Trauma Center/Specialty Center"", ""Any hospital with a helipad"", ""Airport""]",1,Air transport typically goes to appropriate Trauma or Specialty Centers based on patient needs,SNHD Protocols
259,AEMT,Pediatric,Other,A 6 year old with 15% 2nd and 3rd degree TBSA burns should get what bolus of NS or LR?,"[""10 mL/kg"", ""20 mL/kg"", ""500 mL"", ""None""]",2,Protocol for pediatric burns >10% TBSA (age 6-12) often uses a specific fluid table or formula but general pediatric shock bolus is 20ml/kg,SNHD Protocols
260,AEMT,Pediatric,Medications,What naloxone dose should you give a pediatric patient that weighs 20kg who has taken her mother's pain meds?,"[""0.1 mg/kg"", ""2 mg"", ""10 mg"", ""0.5 mg""]",0,Pediatric Naloxone dose is 0.1 mg/kg,SNHD Protocols
261,AEMT,Medications,Other,Ondansetron is which class of medication?,"[""Analgesic"", ""Antiemetic"", ""Antibiotic"", ""Sedative""]",1,Ondansetron is an antiemetic,SNHD Protocols
262,AEMT,Trauma,Scoring,What trauma field triage criteria does pelvic fracture go into?,"[""Step 1"", ""Step 2"", ""Step 3"", ""Step 4""]",1,Pelvic fractures are typically Step 2 (Anatomic) criteria,SNHD Protocols
263,AEMT,Fluid Boluses,Adult,An adult male with non-traumatic abdominal pain is hypovolemic what is the correct initial bolus dose?,"[""250 mL"", ""500 mL"", ""1000 mL"", ""2000 mL""]",1,For non-traumatic hypovolemia/shock initial bolus is often 500 mL,SNHD Protocols
264,AEMT,Medications,,An expected side effect after administering a bronchodilator would be?,"[""Bradycardia"", ""Tachycardia/Tremors"", ""Hypotension"", ""Sedation""]",1,Bronchodilators like Albuterol commonly cause tachycardia and tremors,SNHD Protocols
265,AEMT,Transport Criteria,Pediatric,Where should a sexual assault victim under 13 years old be transported?,"[""UMC"", ""Sunrise"", ""St. Rose Siena"", ""Summerlin""]",1,Pediatric sexual assault victims (<13) are typically transported to Sunrise Hospital,SNHD Protocols
266,AEMT,Transport Criteria,Trauma/Emergencies,How high should you raise the head of the bed for a patient with suspected brain injury?,"[""0 degrees"", ""15 degrees"", ""30 degrees"", ""45 degrees""]",2,Head of bed should be elevated 30 degrees for TBI to reduce ICP,SNHD Protocols
267,AEMT,Medications,Procedures,How low should BGL be before D10 is administered?,"[""<40 mg/dL"", ""<60 mg/dL"", ""<80 mg/dL"", ""<100 mg/dL""]",1,D10 is administered for BGL <60 mg/dL,SNHD Protocols
268,AEMT,Neurological,,What is NOT a component of SAFER?,"[""Stabilize"", ""Assess"", ""Facilitate"", ""Restrain""]",3,SAFER stands for Stabilize Assess Facilitate Encourage Referral (Restrain is not part of the acronym),SNHD Protocols
269,AEMT,Environmental,,What level of hypothermia is a patient in who has a temperature of 89 degrees?,"[""Mild"", ""Moderate"", ""Severe"", ""Profound""]",1,89°F (approx 31.6°C) falls into the Moderate hypothermia range (82-90°F),SNHD Protocols
270,AEMT,Medications,Procedures,What is the action of oxymetazaline?,"[""Vasodilator"", ""Vasoconstrictor"", ""Bronchodilator"", ""Analgesic""]",1,Oxymetazoline is a vasoconstrictor used for epistaxis,SNHD Protocols
271,AEMT,Medications,,What medication should you administer to treat a dystonic reaction?,"[""Albuterol"", ""Diphenhydramine"", ""Epinephrine"", ""Ondansetron""]",1,Diphenhydramine is used to treat dystonic reactions,SNHD Protocols
272,AEMT,Environmental,,What is NOT a symptom of heat stroke?,"[""Altered Mental Status"", ""Hot dry skin"", ""Hypotension"", ""Profuse sweating (usually absent)""]",3,In heat stroke sweating generally disappears (skin is hot/dry) though not always; however classic teaching differentiates it from exhaustion by lack of sweating and AMS,SNHD Protocols
273,AEMT,OB/Neonatal,OB/Neonatal,What should you do in the instance of a prolapsed cord?,"[""Push cord back in"", ""Insert gloved fingers to relieve pressure"", ""Clamp and cut cord"", ""Place patient in Fowler's position""]",1,Insert gloved hand to lift presenting part off the cord; do not push cord back in,SNHD Protocols
274,AEMT,Neurological,,How is status epilepticus defined?,"[""Seizure > 2 minutes"", ""Seizure > 5 minutes or recurrent without recovery"", ""Seizure > 10 minutes"", ""Any seizure""]",1,Status epilepticus is defined as a seizure lasting >5 minutes or recurrent seizures without return to baseline,SNHD Protocols
275,AEMT,Fluid Boluses,,How much fluid should be administered in the cardiogenic shock protocol?,"[""250 mL"", ""500 mL"", ""1000 mL"", ""20 mL/kg""]",1,Cardiogenic shock fluid administration is cautious often 250-500 mL boluses checking lung sounds,SNHD Protocols
276,AEMT,Cardiovascular,,Which one is a form of distributive shock?,"[""Hypovolemic"", ""Cardiogenic"", ""Septic"", ""Obstructive""]",2,Septic shock is a type of distributive shock,SNHD Protocols
277,AEMT,Burns,,What are signs of smoke inhalation?,"[""Singed nasal hairs/Hoarseness"", ""Clear breath sounds"", ""Normal SpO2"", ""Bradycardia""]",0,Signs include singed nasal hairs facial burns hoarseness and soot in sputum,SNHD Protocols
278,AEMT,Cardiovascular,,What is the medication and dose that an AEMT can administer for a patient with a suspected STEMI?,"[""Morphine 2mg"", ""Nitroglycerin 0.4mg SL"", ""Fentanyl 50mcg"", ""Aspirin 81mg""]",1,AEMTs can administer Nitroglycerin 0.4 mg SL (if patient's own or ambulance supply depending on jurisdiction protocol says 'Ambulance provided nitroglycerin'),SNHD Protocols
279,AEMT,Fluid Boluses,Pediatric,How much fluid should you give if a pediatric patient has a BGL >250?,"[""10 mL/kg"", ""20 mL/kg"", ""40 mL/kg"", ""60 mL/kg""]",1,For pediatric hyperglycemia (BGL >250) with signs of dehydration 10-20 mL/kg is typical,SNHD Protocols
280,AEMT,Transport Criteria,Transport/Admin,A patient has been administered two doses of D10 for hypoglycemia and is now no longer AMS and vital signs are within normal do they qualify for the waiting room?,"[""Yes"", ""No"", """", """"]",1,Patients who received D10 typically require observation/admission and are not appropriate for the waiting room,SNHD Protocols
281,AEMT,Trauma,,What does NOT meet NEXUS criteria for cervical stabilization?,"[""Midline cervical tenderness"", ""Intoxication"", ""Focal neurologic deficit"", ""Distracting injury""]",3,NEXUS criteria require stabilization if: Tenderness AMS Intoxication Deficit or Distracting injury. If NONE exist spine is cleared. Absence of midline tenderness allows clearance if others met,SNHD Protocols
282,AEMT,Other,Medications,What medication can an AEMT administer to treat hyperkalemia?,"[""Calcium Chloride"", ""Sodium Bicarbonate"", ""Albuterol"", ""Insulin""]",2,AEMTs can typically administer Albuterol (nebulized) which helps shift potassium intracellularly,SNHD Protocols
